draw_date,n1,n2,n3,n4,n5,pb
2006-05-31,49.0,22.0,20.0,43.0,10.0,3.0
2006-06-03,20.0,5.0,18.0,50.0,6.0,35.0
2006-06-07,20.0,10.0,4.0,26.0,40.0,8.0
2006-06-10,36.0,54.0,24.0,26.0,16.0,11.0
2006-06-14,4.0,40.0,14.0,48.0,15.0,12.0
2006-06-17,39.0,48.0,20.0,22.0,10.0,25.0
2006-06-21,11.0,19.0,22.0,43.0,45.0,34.0
2006-06-24,39.0,8.0,47.0,11.0,30.0,23.0
2006-06-28,45.0,51.0,8.0,16.0,2.0,32.0
2006-07-01,40.0,35.0,42.0,2.0,31.0,34.0
2006-07-05,26.0,52.0,39.0,41.0,53.0,20.0
2006-07-08,50.0,44.0,49.0,32.0,37.0,13.0
2006-07-12,31.0,33.0,30.0,18.0,19.0,15.0
2006-07-15,36.0,20.0,47.0,50.0,35.0,5.0
2006-07-19,44.0,50.0,2.0,38.0,32.0,21.0
2006-07-22,40.0,47.0,14.0,55.0,54.0,6.0
2006-07-26,10.0,5.0,24.0,17.0,43.0,31.0
2006-07-29,14.0,39.0,55.0,19.0,26.0,29.0
2006-08-02,24.0,19.0,10.0,16.0,13.0,15.0
2006-08-05,48.0,50.0,3.0,9.0,2.0,23.0
2006-08-09,52.0,19.0,43.0,41.0,16.0,35.0
2006-08-12,14.0,54.0,27.0,18.0,13.0,32.0
2006-08-16,22.0,2.0,13.0,50.0,48.0,2.0
2006-08-19,12.0,51.0,29.0,22.0,26.0,9.0
2006-08-23,17.0,8.0,51.0,24.0,38.0,31.0
2006-08-26,26.0,24.0,42.0,38.0,46.0,16.0
2006-08-30,35.0,3.0,19.0,43.0,33.0,1.0
2006-09-02,24.0,28.0,3.0,49.0,8.0,25.0
2006-09-06,27.0,35.0,21.0,55.0,2.0,1.0
2006-09-09,20.0,47.0,3.0,22.0,19.0,2.0
2006-09-13,15.0,47.0,19.0,45.0,26.0,3.0
2006-09-16,26.0,42.0,27.0,7.0,8.0,12.0
2006-09-20,54.0,8.0,7.0,29.0,17.0,26.0
2006-09-23,21.0,45.0,26.0,13.0,50.0,20.0
2006-09-27,49.0,23.0,33.0,35.0,28.0,16.0
2006-09-30,30.0,32.0,15.0,39.0,6.0,5.0
2006-10-04,39.0,27.0,7.0,3.0,40.0,8.0
2006-10-07,4.0,31.0,45.0,3.0,8.0,12.0
2006-10-11,38.0,10.0,35.0,5.0,12.0,9.0
2006-10-14,26.0,15.0,1.0,17.0,40.0,19.0
2006-10-18,41.0,2.0,24.0,34.0,48.0,24.0
2006-10-21,45.0,55.0,29.0,9.0,31.0,7.0
2006-10-25,16.0,40.0,43.0,48.0,42.0,1.0
2006-10-28,38.0,22.0,41.0,30.0,14.0,12.0
2006-11-01,46.0,54.0,13.0,7.0,8.0,35.0
2006-11-04,44.0,13.0,34.0,12.0,39.0,5.0
2006-11-08,12.0,53.0,8.0,11.0,26.0,4.0
2006-11-11,40.0,49.0,38.0,35.0,55.0,41.0
2006-11-15,11.0,28.0,43.0,30.0,34.0,29.0
2006-11-18,42.0,36.0,19.0,1.0,8.0,20.0
2006-11-22,22.0,49.0,32.0,36.0,55.0,8.0
2006-11-25,55.0,49.0,28.0,5.0,18.0,38.0
2006-11-29,2.0,9.0,12.0,8.0,19.0,25.0
2006-12-02,42.0,34.0,50.0,45.0,17.0,11.0
2006-12-06,38.0,36.0,35.0,7.0,34.0,14.0
2006-12-09,52.0,22.0,19.0,34.0,30.0,40.0
2006-12-13,33.0,32.0,19.0,54.0,42.0,15.0
2006-12-16,28.0,17.0,36.0,5.0,51.0,5.0
2006-12-20,6.0,26.0,14.0,1.0,34.0,34.0
2006-12-23,27.0,43.0,53.0,8.0,52.0,5.0
2006-12-27,14.0,29.0,16.0,27.0,41.0,29.0
2006-12-30,31.0,28.0,23.0,9.0,36.0,26.0
2007-01-03,12.0,55.0,24.0,35.0,10.0,31.0
2007-01-06,24.0,40.0,1.0,50.0,49.0,38.0
2007-01-10,45.0,54.0,42.0,53.0,36.0,36.0
2007-01-13,21.0,1.0,26.0,23.0,25.0,4.0
2007-01-17,52.0,35.0,16.0,49.0,50.0,31.0
2007-01-20,1.0,38.0,5.0,26.0,32.0,30.0
2007-01-24,53.0,29.0,9.0,42.0,19.0,17.0
2007-01-27,10.0,26.0,19.0,32.0,27.0,14.0
2007-01-31,48.0,42.0,2.0,25.0,15.0,14.0
2007-02-03,13.0,20.0,33.0,42.0,12.0,37.0
2007-02-07,22.0,4.0,28.0,37.0,52.0,10.0
2007-02-10,41.0,11.0,16.0,42.0,2.0,16.0
2007-02-14,3.0,30.0,26.0,54.0,55.0,15.0
2007-02-17,35.0,1.0,15.0,37.0,45.0,32.0
2007-02-21,8.0,2.0,29.0,22.0,37.0,3.0
2007-02-24,42.0,55.0,38.0,54.0,36.0,24.0
2007-02-28,41.0,20.0,13.0,42.0,53.0,2.0
2007-03-03,16.0,22.0,5.0,1.0,48.0,6.0
2007-03-07,18.0,16.0,46.0,19.0,13.0,36.0
2007-03-10,42.0,18.0,43.0,34.0,14.0,32.0
2007-03-14,44.0,4.0,27.0,30.0,39.0,18.0
2007-03-17,17.0,47.0,44.0,7.0,54.0,3.0
2007-03-21,53.0,38.0,24.0,54.0,16.0,5.0
2007-03-24,53.0,38.0,40.0,10.0,48.0,3.0
2007-03-28,47.0,6.0,35.0,20.0,37.0,1.0
2007-03-31,36.0,5.0,2.0,16.0,40.0,36.0
2007-04-04,39.0,19.0,53.0,30.0,40.0,16.0
2007-04-07,28.0,55.0,54.0,2.0,31.0,23.0
2007-04-11,42.0,51.0,6.0,38.0,15.0,18.0
2007-04-14,12.0,49.0,21.0,36.0,38.0,18.0
2007-04-18,13.0,10.0,24.0,12.0,6.0,19.0
2007-04-21,45.0,26.0,28.0,22.0,33.0,17.0
2007-04-25,14.0,12.0,13.0,17.0,53.0,11.0
2007-04-28,16.0,43.0,46.0,49.0,22.0,10.0
2007-05-02,40.0,1.0,8.0,47.0,35.0,9.0
2007-05-05,29.0,21.0,13.0,40.0,50.0,6.0
2007-05-09,44.0,2.0,52.0,30.0,13.0,40.0
2007-05-12,30.0,51.0,53.0,44.0,46.0,25.0
2007-05-16,42.0,7.0,16.0,6.0,34.0,23.0
2007-05-19,26.0,19.0,45.0,21.0,3.0,2.0
2007-05-23,38.0,24.0,3.0,11.0,36.0,6.0
2007-05-26,21.0,5.0,46.0,1.0,51.0,29.0
2007-05-30,55.0,7.0,54.0,23.0,35.0,28.0
2007-06-02,2.0,36.0,22.0,32.0,47.0,36.0
2007-06-06,45.0,14.0,48.0,5.0,9.0,28.0
2007-06-09,10.0,7.0,32.0,25.0,41.0,22.0
2007-06-13,47.0,28.0,13.0,30.0,10.0,26.0
2007-06-16,8.0,47.0,4.0,51.0,32.0,27.0
2007-06-20,32.0,31.0,55.0,37.0,23.0,35.0
2007-06-23,27.0,43.0,14.0,15.0,53.0,28.0
2007-06-27,9.0,13.0,11.0,24.0,43.0,18.0
2007-06-30,38.0,39.0,47.0,24.0,46.0,26.0
2007-07-04,17.0,49.0,15.0,1.0,2.0,35.0
2007-07-07,47.0,21.0,41.0,15.0,27.0,20.0
2007-07-11,43.0,42.0,20.0,29.0,8.0,35.0
2007-07-14,1.0,36.0,30.0,34.0,21.0,37.0
2007-07-18,9.0,42.0,14.0,40.0,3.0,3.0
2007-07-21,46.0,39.0,30.0,14.0,43.0,14.0
2007-07-25,28.0,35.0,47.0,40.0,53.0,30.0
2007-07-28,19.0,24.0,47.0,27.0,15.0,11.0
2007-08-01,16.0,52.0,9.0,23.0,51.0,12.0
2007-08-04,27.0,24.0,2.0,36.0,23.0,3.0
2007-08-08,52.0,21.0,9.0,16.0,30.0,9.0
2007-08-11,37.0,1.0,11.0,10.0,40.0,20.0
2007-08-15,19.0,51.0,24.0,22.0,38.0,9.0
2007-08-18,15.0,12.0,31.0,28.0,50.0,12.0
2007-08-22,12.0,37.0,48.0,40.0,50.0,37.0
2007-08-25,23.0,29.0,35.0,8.0,2.0,19.0
2007-08-29,33.0,47.0,13.0,16.0,44.0,29.0
2007-09-01,19.0,39.0,23.0,37.0,12.0,13.0
2007-09-05,48.0,30.0,21.0,20.0,11.0,18.0
2007-09-08,12.0,30.0,7.0,48.0,28.0,40.0
2007-09-12,47.0,5.0,24.0,26.0,33.0,1.0
2007-09-15,51.0,48.0,16.0,13.0,27.0,21.0
2007-09-19,26.0,25.0,20.0,46.0,45.0,15.0
2007-09-22,4.0,9.0,18.0,55.0,43.0,3.0
2007-09-26,27.0,54.0,25.0,31.0,44.0,8.0
2007-09-29,38.0,55.0,33.0,31.0,49.0,39.0
2007-10-03,2.0,4.0,15.0,28.0,14.0,23.0
2007-10-06,33.0,32.0,51.0,8.0,30.0,2.0
2007-10-10,31.0,54.0,33.0,16.0,12.0,5.0
2007-10-13,21.0,34.0,36.0,30.0,49.0,42.0
2007-10-17,46.0,15.0,42.0,19.0,14.0,37.0
2007-10-20,40.0,10.0,11.0,37.0,54.0,10.0
2007-10-24,10.0,52.0,11.0,49.0,18.0,2.0
2007-10-27,13.0,25.0,30.0,40.0,43.0,12.0
2007-10-31,29.0,18.0,6.0,37.0,16.0,24.0
2007-11-03,1.0,38.0,40.0,53.0,31.0,42.0
2007-11-07,46.0,22.0,35.0,52.0,29.0,2.0
2007-11-10,6.0,26.0,30.0,24.0,22.0,12.0
2007-11-14,16.0,30.0,20.0,18.0,48.0,6.0
2007-11-17,53.0,52.0,49.0,27.0,17.0,23.0
2007-11-21,3.0,11.0,13.0,20.0,40.0,20.0
2007-11-24,7.0,1.0,23.0,35.0,13.0,19.0
2007-11-28,23.0,39.0,8.0,32.0,37.0,38.0
2007-12-01,41.0,32.0,39.0,55.0,7.0,13.0
2007-12-05,8.0,55.0,21.0,15.0,1.0,41.0
2007-12-08,31.0,8.0,29.0,25.0,4.0,41.0
2007-12-12,7.0,40.0,55.0,33.0,14.0,15.0
2007-12-15,47.0,22.0,37.0,48.0,50.0,17.0
2007-12-19,22.0,15.0,42.0,18.0,23.0,37.0
2007-12-22,34.0,10.0,38.0,5.0,11.0,21.0
2007-12-26,55.0,32.0,8.0,54.0,41.0,20.0
2007-12-29,8.0,12.0,49.0,17.0,35.0,18.0
2008-01-02,31.0,34.0,48.0,11.0,2.0,5.0
2008-01-05,33.0,11.0,16.0,4.0,40.0,9.0
2008-01-09,2.0,20.0,13.0,23.0,21.0,24.0
2008-01-12,47.0,53.0,43.0,23.0,39.0,14.0
2008-01-16,9.0,18.0,47.0,38.0,19.0,11.0
2008-01-19,28.0,20.0,23.0,25.0,27.0,2.0
2008-01-23,48.0,47.0,35.0,4.0,16.0,39.0
2008-01-26,39.0,53.0,35.0,11.0,54.0,24.0
2008-01-30,55.0,2.0,17.0,41.0,54.0,17.0
2008-02-02,14.0,44.0,25.0,26.0,16.0,30.0
2008-02-06,3.0,43.0,5.0,42.0,12.0,5.0
2008-02-09,24.0,4.0,23.0,43.0,30.0,28.0
2008-02-13,32.0,13.0,38.0,51.0,19.0,30.0
2008-02-16,3.0,49.0,4.0,20.0,8.0,18.0
2008-02-20,20.0,9.0,36.0,22.0,12.0,31.0
2008-02-23,23.0,29.0,8.0,13.0,47.0,32.0
2008-02-27,37.0,48.0,53.0,20.0,24.0,11.0
2008-03-01,31.0,21.0,19.0,2.0,55.0,19.0
2008-03-05,10.0,15.0,23.0,16.0,31.0,5.0
2008-03-08,29.0,49.0,17.0,34.0,31.0,16.0
2008-03-12,30.0,12.0,34.0,19.0,36.0,8.0
2008-03-15,6.0,42.0,43.0,47.0,22.0,16.0
2008-03-19,29.0,6.0,8.0,49.0,41.0,42.0
2008-03-22,48.0,46.0,28.0,25.0,7.0,19.0
2008-03-26,20.0,37.0,49.0,9.0,12.0,17.0
2008-03-29,18.0,36.0,31.0,25.0,20.0,7.0
2008-04-02,37.0,1.0,55.0,44.0,34.0,33.0
2008-04-05,30.0,47.0,27.0,12.0,37.0,26.0
2008-04-09,46.0,13.0,32.0,3.0,19.0,18.0
2008-04-12,52.0,11.0,55.0,48.0,29.0,36.0
2008-04-16,21.0,18.0,11.0,16.0,51.0,16.0
2008-04-19,24.0,13.0,19.0,39.0,33.0,8.0
2008-04-23,22.0,39.0,21.0,20.0,11.0,1.0
2008-04-26,27.0,45.0,7.0,12.0,17.0,24.0
2008-04-30,25.0,51.0,43.0,17.0,1.0,38.0
2008-05-03,28.0,2.0,36.0,46.0,42.0,40.0
2008-05-07,42.0,26.0,25.0,28.0,9.0,26.0
2008-05-10,30.0,7.0,18.0,45.0,41.0,6.0
2008-05-14,46.0,29.0,21.0,32.0,19.0,32.0
2008-05-17,12.0,21.0,14.0,15.0,43.0,30.0
2008-05-21,21.0,33.0,42.0,7.0,16.0,25.0
2008-05-24,40.0,33.0,51.0,52.0,41.0,6.0
2008-05-28,18.0,45.0,22.0,10.0,37.0,9.0
2008-05-31,9.0,17.0,3.0,14.0,25.0,8.0
2008-06-04,18.0,5.0,52.0,40.0,20.0,3.0
2008-06-07,26.0,44.0,34.0,12.0,48.0,9.0
2008-06-11,7.0,49.0,18.0,28.0,21.0,1.0
2008-06-14,50.0,31.0,9.0,20.0,11.0,14.0
2008-06-18,52.0,9.0,31.0,39.0,12.0,32.0
2008-06-21,8.0,7.0,50.0,31.0,9.0,31.0
2008-06-25,53.0,45.0,14.0,21.0,25.0,9.0
2008-06-28,26.0,32.0,14.0,34.0,44.0,6.0
2008-07-02,46.0,33.0,52.0,48.0,4.0,17.0
2008-07-05,24.0,47.0,34.0,1.0,48.0,18.0
2008-07-09,5.0,31.0,7.0,49.0,53.0,14.0
2008-07-12,20.0,50.0,12.0,2.0,22.0,17.0
2008-07-16,3.0,23.0,15.0,42.0,29.0,17.0
2008-07-19,6.0,28.0,46.0,53.0,55.0,2.0
2008-07-23,52.0,11.0,14.0,35.0,41.0,2.0
2008-07-26,51.0,55.0,21.0,12.0,13.0,18.0
2008-07-30,25.0,55.0,3.0,51.0,45.0,13.0
2008-08-02,5.0,28.0,33.0,2.0,54.0,30.0
2008-08-06,24.0,37.0,5.0,36.0,51.0,19.0
2008-08-09,53.0,40.0,32.0,49.0,43.0,21.0
2008-08-13,31.0,10.0,5.0,23.0,19.0,26.0
2008-08-16,5.0,43.0,34.0,52.0,40.0,20.0
2008-08-20,15.0,24.0,47.0,35.0,16.0,26.0
2008-08-23,47.0,33.0,18.0,48.0,24.0,23.0
2008-08-27,13.0,49.0,31.0,48.0,36.0,11.0
2008-08-30,14.0,32.0,47.0,2.0,15.0,36.0
2008-09-03,49.0,38.0,40.0,46.0,50.0,34.0
2008-09-06,26.0,54.0,49.0,25.0,17.0,11.0
2008-09-10,37.0,28.0,15.0,53.0,14.0,18.0
2008-09-13,29.0,17.0,7.0,51.0,43.0,38.0
2008-09-17,12.0,26.0,32.0,23.0,44.0,20.0
2008-09-20,47.0,30.0,40.0,28.0,6.0,24.0
2008-09-24,32.0,36.0,13.0,21.0,5.0,33.0
2008-09-27,40.0,24.0,13.0,29.0,52.0,29.0
2008-10-01,43.0,39.0,8.0,9.0,55.0,26.0
2008-10-04,39.0,4.0,32.0,1.0,26.0,18.0
2008-10-08,48.0,12.0,54.0,17.0,2.0,2.0
2008-10-11,39.0,3.0,17.0,47.0,7.0,9.0
2008-10-15,3.0,13.0,38.0,32.0,48.0,13.0
2008-10-18,40.0,10.0,14.0,32.0,49.0,15.0
2008-10-22,17.0,52.0,10.0,33.0,51.0,5.0
2008-10-25,48.0,1.0,3.0,38.0,14.0,2.0
2008-10-29,37.0,50.0,20.0,30.0,52.0,33.0
2008-11-01,40.0,4.0,41.0,6.0,26.0,15.0
2008-11-05,18.0,33.0,36.0,4.0,8.0,32.0
2008-11-08,40.0,36.0,4.0,21.0,2.0,41.0
2008-11-12,18.0,45.0,25.0,1.0,29.0,2.0
2008-11-15,7.0,44.0,8.0,12.0,3.0,37.0
2008-11-19,8.0,45.0,13.0,39.0,38.0,31.0
2008-11-22,19.0,32.0,26.0,45.0,17.0,14.0
2008-11-26,11.0,31.0,52.0,26.0,34.0,14.0
2008-11-29,5.0,55.0,33.0,39.0,36.0,21.0
2008-12-03,17.0,21.0,25.0,16.0,55.0,3.0
2008-12-06,53.0,9.0,39.0,43.0,35.0,10.0
2008-12-10,37.0,6.0,41.0,24.0,15.0,37.0
2008-12-13,40.0,14.0,28.0,26.0,31.0,13.0
2008-12-17,11.0,7.0,30.0,24.0,18.0,26.0
2008-12-20,3.0,14.0,19.0,32.0,54.0,24.0
2008-12-24,17.0,2.0,32.0,22.0,41.0,8.0
2008-12-27,12.0,43.0,15.0,31.0,26.0,10.0
2008-12-31,11.0,53.0,8.0,7.0,17.0,36.0
2009-01-03,38.0,22.0,55.0,24.0,17.0,24.0
2009-01-07,31.0,52.0,23.0,33.0,38.0,24.0
2009-01-10,8.0,56.0,10.0,18.0,43.0,9.0
2009-01-14,46.0,34.0,25.0,8.0,39.0,34.0
2009-01-17,9.0,5.0,59.0,23.0,2.0,26.0
2009-01-21,26.0,20.0,54.0,46.0,38.0,23.0
2009-01-24,6.0,37.0,42.0,20.0,25.0,25.0
2009-01-28,10.0,32.0,18.0,5.0,23.0,4.0
2009-01-31,33.0,26.0,14.0,41.0,1.0,37.0
2009-02-04,24.0,44.0,30.0,32.0,7.0,18.0
2009-02-07,18.0,53.0,5.0,28.0,20.0,27.0
2009-02-11,5.0,22.0,45.0,49.0,10.0,37.0
2009-02-14,33.0,8.0,45.0,9.0,2.0,5.0
2009-02-18,44.0,15.0,56.0,39.0,2.0,15.0
2009-02-21,31.0,46.0,13.0,45.0,41.0,21.0
2009-02-25,32.0,49.0,42.0,56.0,17.0,11.0
2009-02-28,3.0,58.0,16.0,20.0,42.0,7.0
2009-03-04,6.0,1.0,44.0,55.0,49.0,36.0
2009-03-07,59.0,27.0,56.0,28.0,21.0,21.0
2009-03-11,13.0,7.0,47.0,3.0,34.0,30.0
2009-03-14,7.0,44.0,33.0,30.0,51.0,10.0
2009-03-18,16.0,29.0,26.0,45.0,41.0,1.0
2009-03-21,49.0,27.0,23.0,52.0,19.0,21.0
2009-03-25,23.0,47.0,10.0,20.0,54.0,26.0
2009-03-28,48.0,2.0,16.0,41.0,3.0,19.0
2009-04-01,2.0,33.0,41.0,54.0,9.0,14.0
2009-04-04,21.0,57.0,58.0,14.0,50.0,7.0
2009-04-08,52.0,56.0,1.0,6.0,48.0,9.0
2009-04-11,46.0,49.0,7.0,35.0,28.0,20.0
2009-04-15,59.0,22.0,26.0,16.0,27.0,5.0
2009-04-18,7.0,28.0,44.0,43.0,15.0,20.0
2009-04-22,30.0,15.0,48.0,22.0,37.0,12.0
2009-04-25,52.0,42.0,30.0,8.0,26.0,15.0
2009-04-29,6.0,36.0,50.0,19.0,59.0,13.0
2009-05-02,45.0,20.0,38.0,42.0,3.0,27.0
2009-05-06,12.0,7.0,22.0,31.0,8.0,18.0
2009-05-09,49.0,32.0,4.0,15.0,58.0,21.0
2009-05-13,30.0,40.0,37.0,32.0,19.0,37.0
2009-05-16,6.0,7.0,40.0,56.0,31.0,38.0
2009-05-20,23.0,30.0,42.0,35.0,31.0,6.0
2009-05-23,52.0,19.0,57.0,34.0,23.0,21.0
2009-05-27,5.0,16.0,6.0,21.0,12.0,7.0
2009-05-30,51.0,42.0,1.0,59.0,23.0,20.0
2009-06-03,22.0,20.0,32.0,16.0,37.0,9.0
2009-06-06,45.0,10.0,23.0,30.0,18.0,2.0
2009-06-10,26.0,42.0,58.0,27.0,15.0,37.0
2009-06-13,20.0,41.0,13.0,35.0,16.0,6.0
2009-06-17,53.0,9.0,37.0,5.0,42.0,27.0
2009-06-20,28.0,22.0,3.0,11.0,18.0,33.0
2009-06-24,53.0,24.0,51.0,16.0,18.0,16.0
2009-06-27,48.0,39.0,26.0,18.0,22.0,17.0
2009-07-01,38.0,53.0,9.0,52.0,32.0,15.0
2009-07-04,22.0,4.0,41.0,44.0,9.0,14.0
2009-07-08,50.0,56.0,42.0,53.0,19.0,39.0
2009-07-11,39.0,1.0,4.0,42.0,20.0,2.0
2009-07-15,26.0,50.0,57.0,52.0,51.0,37.0
2009-07-18,21.0,26.0,47.0,4.0,28.0,37.0
2009-07-22,6.0,22.0,4.0,16.0,32.0,11.0
2009-07-25,33.0,5.0,52.0,46.0,17.0,9.0
2009-07-29,38.0,2.0,43.0,5.0,59.0,8.0
2009-08-01,53.0,37.0,46.0,39.0,5.0,8.0
2009-08-05,34.0,25.0,41.0,49.0,46.0,29.0
2009-08-08,45.0,37.0,50.0,33.0,4.0,11.0
2009-08-12,32.0,10.0,25.0,47.0,34.0,5.0
2009-08-15,14.0,26.0,32.0,15.0,36.0,12.0
2009-08-19,43.0,14.0,31.0,51.0,24.0,27.0
2009-08-22,6.0,51.0,3.0,20.0,32.0,23.0
2009-08-26,43.0,23.0,1.0,21.0,30.0,11.0
2009-08-29,1.0,53.0,20.0,37.0,52.0,33.0
2009-09-02,23.0,47.0,36.0,18.0,59.0,36.0
2009-09-05,35.0,27.0,16.0,9.0,57.0,29.0
2009-09-09,16.0,18.0,51.0,53.0,4.0,23.0
2009-09-12,13.0,28.0,56.0,41.0,38.0,25.0
2009-09-16,17.0,56.0,37.0,40.0,51.0,25.0
2009-09-19,25.0,24.0,49.0,30.0,5.0,23.0
2009-09-23,7.0,8.0,29.0,20.0,25.0,11.0
2009-09-26,34.0,20.0,36.0,39.0,18.0,19.0
2009-09-30,52.0,54.0,41.0,42.0,57.0,30.0
2009-10-03,50.0,57.0,24.0,12.0,48.0,22.0
2009-10-07,2.0,50.0,38.0,21.0,20.0,22.0
2009-10-10,45.0,49.0,50.0,13.0,32.0,30.0
2009-10-14,15.0,30.0,5.0,40.0,25.0,6.0
2009-10-17,16.0,5.0,49.0,30.0,25.0,39.0
2009-10-21,34.0,51.0,45.0,6.0,16.0,4.0
2009-10-24,38.0,22.0,59.0,49.0,14.0,16.0
2009-10-28,51.0,46.0,26.0,3.0,11.0,23.0
2009-10-31,19.0,26.0,54.0,41.0,2.0,23.0
2009-11-04,51.0,10.0,45.0,11.0,14.0,17.0
2009-11-07,32.0,37.0,46.0,50.0,7.0,26.0
2009-11-11,12.0,8.0,22.0,29.0,14.0,22.0
2009-11-14,57.0,30.0,19.0,48.0,32.0,14.0
2009-11-18,58.0,59.0,32.0,50.0,42.0,31.0
2009-11-21,26.0,36.0,7.0,49.0,58.0,4.0
2009-11-25,18.0,13.0,4.0,59.0,49.0,5.0
2009-11-28,46.0,50.0,27.0,28.0,26.0,21.0
2009-12-02,37.0,46.0,14.0,34.0,55.0,37.0
2009-12-05,41.0,58.0,27.0,39.0,44.0,17.0
2009-12-09,58.0,12.0,5.0,1.0,13.0,21.0
2009-12-12,14.0,41.0,12.0,13.0,35.0,29.0
2009-12-16,23.0,43.0,25.0,35.0,13.0,15.0
2009-12-19,24.0,41.0,17.0,47.0,39.0,21.0
2009-12-23,52.0,8.0,49.0,51.0,32.0,23.0
2009-12-26,53.0,41.0,36.0,32.0,37.0,30.0
2009-12-30,5.0,52.0,14.0,38.0,39.0,6.0
2010-01-02,23.0,3.0,7.0,42.0,27.0,37.0
2010-01-06,56.0,27.0,29.0,20.0,58.0,31.0
2010-01-09,41.0,44.0,20.0,54.0,50.0,22.0
2010-01-13,32.0,15.0,8.0,11.0,50.0,27.0
2010-01-16,41.0,8.0,7.0,55.0,23.0,23.0
2010-01-20,46.0,15.0,43.0,44.0,32.0,19.0
2010-01-23,53.0,16.0,15.0,42.0,20.0,17.0
2010-01-27,15.0,26.0,31.0,6.0,20.0,9.0
2010-01-30,26.0,35.0,48.0,47.0,6.0,21.0
2010-02-03,37.0,52.0,22.0,36.0,17.0,24.0
2010-02-06,22.0,54.0,52.0,14.0,59.0,4.0
2010-02-10,29.0,8.0,37.0,38.0,5.0,34.0
2010-02-13,14.0,10.0,40.0,51.0,30.0,1.0
2010-02-17,36.0,7.0,26.0,8.0,19.0,15.0
2010-02-20,13.0,54.0,41.0,37.0,27.0,32.0
2010-02-24,50.0,17.0,57.0,35.0,4.0,12.0
2010-02-27,47.0,18.0,58.0,53.0,51.0,30.0
2010-03-03,14.0,49.0,9.0,7.0,45.0,23.0
2010-03-06,41.0,33.0,10.0,59.0,29.0,15.0
2010-03-10,41.0,37.0,17.0,50.0,21.0,1.0
2010-03-13,16.0,36.0,20.0,6.0,31.0,8.0
2010-03-17,55.0,26.0,48.0,45.0,24.0,8.0
2010-03-20,9.0,36.0,44.0,45.0,39.0,9.0
2010-03-24,14.0,49.0,39.0,24.0,20.0,7.0
2010-03-27,21.0,7.0,32.0,52.0,44.0,10.0
2010-03-31,13.0,45.0,54.0,5.0,17.0,12.0
2010-04-03,15.0,59.0,52.0,10.0,31.0,4.0
2010-04-07,36.0,52.0,44.0,4.0,40.0,33.0
2010-04-10,21.0,22.0,52.0,49.0,58.0,34.0
2010-04-14,14.0,6.0,32.0,52.0,38.0,20.0
2010-04-17,22.0,41.0,49.0,21.0,5.0,15.0
2010-04-21,11.0,34.0,55.0,41.0,49.0,20.0
2010-04-24,57.0,56.0,1.0,53.0,12.0,5.0
2010-04-28,28.0,44.0,12.0,22.0,25.0,24.0
2010-05-01,23.0,25.0,16.0,49.0,58.0,20.0
2010-05-05,47.0,13.0,34.0,40.0,57.0,11.0
2010-05-08,41.0,5.0,57.0,34.0,22.0,31.0
2010-05-12,52.0,58.0,53.0,37.0,51.0,38.0
2010-05-15,28.0,15.0,36.0,23.0,21.0,20.0
2010-05-19,7.0,58.0,55.0,29.0,2.0,27.0
2010-05-22,20.0,19.0,47.0,57.0,40.0,29.0
2010-05-26,6.0,20.0,10.0,1.0,13.0,32.0
2010-05-29,24.0,3.0,28.0,1.0,41.0,10.0
2010-06-02,39.0,14.0,43.0,9.0,4.0,38.0
2010-06-05,18.0,34.0,40.0,59.0,48.0,25.0
2010-06-09,22.0,49.0,27.0,14.0,32.0,5.0
2010-06-12,38.0,13.0,12.0,9.0,35.0,30.0
2010-06-16,29.0,18.0,11.0,36.0,8.0,6.0
2010-06-19,54.0,31.0,9.0,30.0,50.0,39.0
2010-06-23,48.0,11.0,45.0,30.0,47.0,10.0
2010-06-26,57.0,30.0,13.0,38.0,32.0,25.0
2010-06-30,38.0,43.0,6.0,48.0,47.0,27.0
2010-07-03,52.0,53.0,3.0,14.0,10.0,3.0
2010-07-07,10.0,41.0,44.0,56.0,48.0,4.0
2010-07-10,28.0,21.0,20.0,56.0,27.0,4.0
2010-07-14,21.0,23.0,38.0,20.0,42.0,6.0
2010-07-17,27.0,37.0,22.0,45.0,35.0,3.0
2010-07-21,16.0,58.0,22.0,30.0,51.0,25.0
2010-07-24,59.0,30.0,46.0,38.0,20.0,27.0
2010-07-28,1.0,11.0,20.0,27.0,25.0,2.0
2010-07-31,1.0,57.0,16.0,41.0,17.0,15.0
2010-08-04,53.0,30.0,19.0,37.0,28.0,36.0
2010-08-07,52.0,26.0,31.0,22.0,4.0,30.0
2010-08-11,22.0,52.0,10.0,23.0,7.0,29.0
2010-08-14,58.0,50.0,36.0,9.0,33.0,31.0
2010-08-18,47.0,4.0,33.0,32.0,55.0,39.0
2010-08-21,7.0,22.0,10.0,27.0,12.0,26.0
2010-08-25,17.0,36.0,29.0,16.0,31.0,23.0
2010-08-28,32.0,56.0,4.0,27.0,22.0,13.0
2010-09-01,40.0,20.0,21.0,17.0,51.0,19.0
2010-09-04,33.0,22.0,42.0,14.0,11.0,38.0
2010-09-08,10.0,57.0,51.0,35.0,39.0,20.0
2010-09-11,36.0,20.0,59.0,17.0,7.0,33.0
2010-09-15,7.0,20.0,21.0,34.0,43.0,34.0
2010-09-18,18.0,44.0,1.0,39.0,37.0,13.0
2010-09-22,10.0,36.0,52.0,24.0,55.0,15.0
2010-09-25,8.0,35.0,27.0,16.0,42.0,30.0
2010-09-29,52.0,13.0,55.0,44.0,51.0,30.0
2010-10-02,30.0,12.0,36.0,20.0,47.0,25.0
2010-10-06,26.0,41.0,14.0,37.0,46.0,24.0
2010-10-09,42.0,32.0,49.0,6.0,2.0,35.0
2010-10-13,46.0,34.0,32.0,22.0,12.0,2.0
2010-10-16,28.0,16.0,12.0,11.0,15.0,11.0
2010-10-20,20.0,39.0,7.0,17.0,59.0,17.0
2010-10-23,20.0,2.0,46.0,7.0,16.0,34.0
2010-10-27,25.0,24.0,20.0,59.0,53.0,15.0
2010-10-30,49.0,7.0,27.0,1.0,36.0,39.0
2010-11-03,34.0,45.0,38.0,39.0,50.0,33.0
2010-11-06,7.0,12.0,23.0,34.0,38.0,33.0
2010-11-10,5.0,8.0,44.0,40.0,11.0,10.0
2010-11-13,30.0,51.0,17.0,48.0,54.0,29.0
2010-11-17,14.0,59.0,54.0,53.0,16.0,5.0
2010-11-20,12.0,10.0,38.0,53.0,57.0,1.0
2010-11-24,20.0,8.0,21.0,37.0,32.0,4.0
2010-11-27,47.0,37.0,30.0,54.0,10.0,39.0
2010-12-01,10.0,5.0,12.0,11.0,20.0,2.0
2010-12-04,27.0,24.0,42.0,31.0,13.0,22.0
2010-12-08,25.0,8.0,11.0,58.0,41.0,16.0
2010-12-11,1.0,8.0,19.0,10.0,20.0,23.0
2010-12-15,32.0,18.0,45.0,10.0,11.0,18.0
2010-12-18,43.0,19.0,4.0,11.0,33.0,14.0
2010-12-22,33.0,11.0,44.0,47.0,46.0,12.0
2010-12-25,52.0,50.0,1.0,38.0,17.0,24.0
2010-12-29,18.0,37.0,20.0,16.0,3.0,30.0
2011-01-01,37.0,47.0,18.0,22.0,54.0,36.0
2011-01-05,40.0,22.0,32.0,26.0,38.0,7.0
2011-01-08,7.0,52.0,6.0,33.0,26.0,24.0
2011-01-12,48.0,23.0,40.0,21.0,19.0,27.0
2011-01-15,22.0,13.0,9.0,37.0,23.0,31.0
2011-01-19,36.0,51.0,56.0,22.0,59.0,32.0
2011-01-22,34.0,30.0,51.0,31.0,45.0,23.0
2011-01-26,4.0,47.0,58.0,5.0,36.0,6.0
2011-01-29,28.0,45.0,24.0,52.0,49.0,2.0
2011-02-02,33.0,57.0,53.0,3.0,14.0,36.0
2011-02-05,15.0,41.0,59.0,37.0,56.0,5.0
2011-02-09,51.0,39.0,42.0,11.0,7.0,30.0
2011-02-12,32.0,52.0,36.0,48.0,11.0,19.0
2011-02-16,23.0,48.0,21.0,9.0,13.0,24.0
2011-02-19,12.0,34.0,3.0,42.0,37.0,36.0
2011-02-23,32.0,36.0,39.0,29.0,49.0,29.0
2011-02-26,4.0,45.0,21.0,17.0,13.0,10.0
2011-03-02,50.0,58.0,7.0,31.0,51.0,6.0
2011-03-05,42.0,31.0,23.0,48.0,2.0,21.0
2011-03-09,12.0,20.0,28.0,40.0,48.0,8.0
2011-03-12,4.0,41.0,1.0,12.0,47.0,3.0
2011-03-16,53.0,28.0,48.0,39.0,40.0,9.0
2011-03-19,11.0,20.0,46.0,27.0,3.0,8.0
2011-03-23,15.0,28.0,5.0,26.0,32.0,9.0
2011-03-26,10.0,4.0,11.0,33.0,19.0,27.0
2011-03-30,58.0,56.0,20.0,19.0,42.0,37.0
2011-04-02,43.0,22.0,34.0,6.0,45.0,23.0
2011-04-06,56.0,18.0,55.0,10.0,41.0,15.0
2011-04-09,53.0,5.0,56.0,14.0,32.0,11.0
2011-04-13,4.0,49.0,39.0,50.0,23.0,39.0
2011-04-16,21.0,55.0,33.0,45.0,44.0,7.0
2011-04-20,9.0,24.0,43.0,34.0,36.0,27.0
2011-04-23,58.0,11.0,3.0,48.0,47.0,19.0
2011-04-27,40.0,44.0,55.0,24.0,4.0,5.0
2011-04-30,41.0,15.0,6.0,13.0,32.0,3.0
2011-05-04,15.0,41.0,29.0,27.0,3.0,24.0
2011-05-07,11.0,55.0,47.0,2.0,27.0,15.0
2011-05-11,43.0,32.0,9.0,45.0,17.0,31.0
2011-05-14,40.0,18.0,17.0,8.0,44.0,16.0
2011-05-18,7.0,12.0,42.0,49.0,13.0,16.0
2011-05-21,8.0,49.0,2.0,40.0,50.0,36.0
2011-05-25,50.0,4.0,31.0,42.0,23.0,23.0
2011-05-28,43.0,12.0,20.0,51.0,55.0,11.0
2011-06-01,56.0,38.0,46.0,8.0,18.0,31.0
2011-06-04,17.0,58.0,39.0,19.0,41.0,21.0
2011-06-08,53.0,37.0,14.0,44.0,45.0,29.0
2011-06-11,50.0,16.0,18.0,36.0,27.0,8.0
2011-06-15,41.0,43.0,20.0,19.0,38.0,29.0
2011-06-18,22.0,38.0,21.0,12.0,41.0,18.0
2011-06-22,59.0,12.0,46.0,19.0,15.0,12.0
2011-06-25,18.0,39.0,57.0,36.0,41.0,12.0
2011-06-29,30.0,24.0,57.0,59.0,45.0,26.0
2011-07-02,11.0,29.0,1.0,51.0,18.0,32.0
2011-07-06,55.0,50.0,24.0,11.0,15.0,8.0
2011-07-09,31.0,9.0,23.0,1.0,11.0,6.0
2011-07-13,54.0,18.0,8.0,19.0,32.0,8.0
2011-07-16,28.0,48.0,54.0,24.0,50.0,25.0
2011-07-20,40.0,42.0,38.0,1.0,4.0,17.0
2011-07-23,38.0,1.0,48.0,27.0,7.0,30.0
2011-07-27,40.0,51.0,59.0,41.0,38.0,33.0
2011-07-30,55.0,20.0,40.0,47.0,41.0,19.0
2011-08-03,49.0,19.0,13.0,28.0,21.0,11.0
2011-08-06,57.0,59.0,54.0,25.0,30.0,6.0
2011-08-10,46.0,41.0,36.0,18.0,11.0,38.0
2011-08-13,35.0,9.0,50.0,12.0,58.0,4.0
2011-08-17,31.0,28.0,48.0,18.0,52.0,37.0
2011-08-20,23.0,2.0,47.0,28.0,17.0,36.0
2011-08-24,49.0,53.0,13.0,9.0,47.0,39.0
2011-08-27,2.0,54.0,12.0,58.0,25.0,14.0
2011-08-31,19.0,35.0,57.0,47.0,13.0,29.0
2011-09-03,15.0,52.0,25.0,53.0,54.0,2.0
2011-09-07,54.0,3.0,5.0,27.0,18.0,13.0
2011-09-10,32.0,53.0,22.0,4.0,19.0,24.0
2011-09-14,16.0,50.0,42.0,59.0,41.0,5.0
2011-09-17,43.0,22.0,6.0,20.0,32.0,11.0
2011-09-21,47.0,52.0,55.0,48.0,12.0,13.0
2011-09-24,27.0,12.0,3.0,4.0,44.0,26.0
2011-09-28,41.0,51.0,30.0,50.0,53.0,8.0
2011-10-01,27.0,43.0,12.0,23.0,1.0,31.0
2011-10-05,46.0,7.0,43.0,54.0,20.0,17.0
2011-10-08,35.0,3.0,37.0,27.0,45.0,31.0
2011-10-12,43.0,10.0,12.0,23.0,47.0,18.0
2011-10-15,38.0,24.0,5.0,10.0,43.0,1.0
2011-10-19,26.0,35.0,16.0,52.0,58.0,2.0
2011-10-22,8.0,3.0,23.0,30.0,58.0,13.0
2011-10-26,39.0,21.0,1.0,18.0,55.0,6.0
2011-10-29,11.0,40.0,16.0,51.0,56.0,38.0
2011-11-02,12.0,39.0,14.0,46.0,34.0,36.0
2011-11-05,43.0,39.0,2.0,33.0,40.0,26.0
2011-11-09,58.0,59.0,35.0,5.0,57.0,12.0
2011-11-12,56.0,4.0,35.0,51.0,36.0,8.0
2011-11-16,22.0,25.0,39.0,13.0,51.0,28.0
2011-11-19,16.0,9.0,17.0,28.0,30.0,11.0
2011-11-23,30.0,35.0,57.0,4.0,59.0,25.0
2011-11-26,55.0,20.0,37.0,45.0,39.0,28.0
2011-11-30,47.0,6.0,2.0,34.0,35.0,22.0
2011-12-03,18.0,5.0,33.0,43.0,45.0,8.0
2011-12-07,39.0,20.0,14.0,40.0,3.0,37.0
2011-12-10,33.0,41.0,4.0,19.0,59.0,9.0
2011-12-14,46.0,52.0,24.0,56.0,2.0,19.0
2011-12-17,59.0,28.0,51.0,13.0,49.0,33.0
2011-12-21,31.0,15.0,13.0,54.0,10.0,18.0
2011-12-24,52.0,51.0,16.0,14.0,30.0,19.0
2011-12-28,16.0,27.0,45.0,41.0,21.0,14.0
2011-12-31,5.0,25.0,40.0,23.0,28.0,34.0
2012-01-04,50.0,35.0,21.0,47.0,46.0,2.0
2012-01-07,3.0,24.0,38.0,21.0,39.0,24.0
2012-01-11,47.0,5.0,29.0,45.0,19.0,25.0
2012-01-14,41.0,30.0,10.0,36.0,38.0,1.0
2012-01-18,50.0,34.0,29.0,6.0,44.0,28.0
2012-01-21,44.0,12.0,43.0,24.0,45.0,7.0
2012-01-25,28.0,19.0,29.0,47.0,4.0,5.0
2012-01-28,41.0,54.0,59.0,33.0,5.0,13.0
2012-02-01,8.0,13.0,59.0,17.0,34.0,35.0
2012-02-04,23.0,56.0,43.0,45.0,15.0,7.0
2012-02-08,38.0,51.0,17.0,28.0,39.0,33.0
2012-02-11,37.0,52.0,10.0,1.0,57.0,11.0
2012-02-15,12.0,11.0,32.0,56.0,52.0,11.0
2012-02-18,23.0,50.0,28.0,59.0,56.0,5.0
2012-02-22,17.0,39.0,16.0,7.0,51.0,32.0
2012-02-25,54.0,11.0,6.0,42.0,53.0,7.0
2012-02-29,26.0,1.0,11.0,4.0,23.0,14.0
2012-03-03,47.0,30.0,29.0,49.0,45.0,35.0
2012-03-07,45.0,35.0,47.0,46.0,12.0,12.0
2012-03-10,5.0,41.0,20.0,14.0,17.0,5.0
2012-03-14,1.0,8.0,59.0,46.0,41.0,24.0
2012-03-17,11.0,55.0,58.0,14.0,49.0,30.0
2012-03-21,32.0,43.0,53.0,55.0,56.0,6.0
2012-03-24,15.0,37.0,35.0,1.0,47.0,8.0
2012-03-28,50.0,58.0,16.0,29.0,11.0,33.0
2012-03-31,14.0,5.0,58.0,54.0,36.0,27.0
2012-04-04,33.0,24.0,49.0,45.0,1.0,6.0
2012-04-07,13.0,30.0,5.0,20.0,17.0,18.0
2012-04-11,44.0,42.0,16.0,47.0,23.0,2.0
2012-04-14,15.0,16.0,19.0,14.0,24.0,2.0
2012-04-18,22.0,39.0,49.0,46.0,20.0,29.0
2012-04-21,8.0,42.0,51.0,20.0,6.0,16.0
2012-04-25,29.0,43.0,25.0,4.0,34.0,29.0
2012-04-28,57.0,40.0,58.0,31.0,39.0,33.0
2012-05-02,7.0,33.0,50.0,38.0,8.0,29.0
2012-05-05,12.0,59.0,44.0,20.0,9.0,23.0
2012-05-09,56.0,7.0,1.0,11.0,55.0,1.0
2012-05-12,35.0,24.0,58.0,53.0,10.0,22.0
2012-05-16,21.0,43.0,28.0,3.0,7.0,2.0
2012-05-19,46.0,13.0,8.0,51.0,35.0,30.0
2012-05-23,59.0,7.0,53.0,26.0,4.0,32.0
2012-05-26,49.0,59.0,13.0,41.0,14.0,14.0
2012-05-30,10.0,56.0,9.0,24.0,52.0,14.0
2012-06-02,17.0,45.0,10.0,29.0,9.0,33.0
2012-06-06,59.0,48.0,19.0,33.0,30.0,27.0
2012-06-09,56.0,45.0,57.0,22.0,18.0,27.0
2012-06-13,14.0,57.0,33.0,10.0,7.0,18.0
2012-06-16,14.0,16.0,27.0,15.0,8.0,26.0
2012-06-20,17.0,11.0,29.0,56.0,57.0,14.0
2012-06-23,44.0,1.0,53.0,3.0,41.0,30.0
2012-06-27,58.0,34.0,6.0,46.0,40.0,6.0
2012-06-30,20.0,7.0,15.0,41.0,44.0,22.0
2012-07-04,35.0,19.0,14.0,39.0,56.0,33.0
2012-07-07,5.0,3.0,29.0,59.0,39.0,29.0
2012-07-11,5.0,36.0,49.0,55.0,22.0,23.0
2012-07-14,4.0,46.0,16.0,37.0,32.0,13.0
2012-07-18,5.0,2.0,57.0,23.0,20.0,3.0
2012-07-21,9.0,54.0,38.0,56.0,31.0,20.0
2012-07-25,14.0,3.0,46.0,38.0,35.0,16.0
2012-07-28,6.0,50.0,5.0,36.0,13.0,13.0
2012-08-01,58.0,3.0,56.0,48.0,16.0,4.0
2012-08-04,55.0,30.0,53.0,48.0,19.0,18.0
2012-08-08,7.0,15.0,3.0,11.0,28.0,12.0
2012-08-11,51.0,13.0,46.0,39.0,4.0,1.0
2012-08-15,56.0,27.0,46.0,6.0,51.0,21.0
2012-08-18,55.0,41.0,26.0,14.0,59.0,1.0
2012-08-22,47.0,31.0,22.0,29.0,55.0,19.0
2012-08-25,7.0,20.0,6.0,1.0,49.0,23.0
2012-08-29,49.0,54.0,28.0,25.0,56.0,28.0
2012-09-01,8.0,44.0,21.0,11.0,49.0,22.0
2012-09-05,42.0,4.0,26.0,51.0,19.0,29.0
2012-09-08,34.0,44.0,20.0,48.0,6.0,29.0
2012-09-12,48.0,56.0,24.0,36.0,33.0,6.0
2012-09-15,43.0,26.0,3.0,20.0,48.0,1.0
2012-09-19,50.0,1.0,8.0,39.0,5.0,23.0
2012-09-22,40.0,42.0,18.0,16.0,2.0,33.0
2012-09-26,41.0,26.0,42.0,13.0,39.0,10.0
2012-09-29,57.0,14.0,29.0,18.0,28.0,8.0
2012-10-03,55.0,23.0,17.0,59.0,36.0,10.0
2012-10-06,36.0,59.0,26.0,15.0,34.0,35.0
2012-10-10,35.0,18.0,43.0,29.0,26.0,28.0
2012-10-13,5.0,2.0,26.0,25.0,49.0,18.0
2012-10-17,42.0,23.0,10.0,7.0,1.0,35.0
2012-10-20,4.0,28.0,31.0,44.0,21.0,10.0
2012-10-24,18.0,50.0,23.0,3.0,21.0,4.0
2012-10-27,34.0,56.0,36.0,32.0,22.0,33.0
2012-10-31,45.0,31.0,1.0,48.0,27.0,5.0
2012-11-03,54.0,4.0,7.0,9.0,30.0,25.0
2012-11-07,32.0,45.0,34.0,52.0,58.0,20.0
2012-11-10,55.0,32.0,50.0,54.0,42.0,32.0
2012-11-14,44.0,10.0,58.0,8.0,30.0,13.0
2012-11-17,15.0,59.0,27.0,58.0,3.0,20.0
2012-11-21,24.0,30.0,8.0,18.0,39.0,26.0
2012-11-24,22.0,32.0,37.0,44.0,50.0,34.0
2012-11-28,5.0,23.0,16.0,22.0,29.0,6.0
2012-12-01,46.0,10.0,3.0,19.0,36.0,3.0
2012-12-05,27.0,19.0,38.0,13.0,17.0,12.0
2012-12-08,23.0,40.0,53.0,26.0,7.0,21.0
2012-12-12,36.0,25.0,44.0,8.0,10.0,28.0
2012-12-15,40.0,23.0,44.0,55.0,15.0,14.0
2012-12-19,23.0,20.0,5.0,30.0,8.0,3.0
2012-12-22,18.0,44.0,35.0,39.0,1.0,11.0
2012-12-26,54.0,43.0,13.0,11.0,23.0,4.0
2012-12-29,55.0,52.0,46.0,50.0,36.0,14.0
2013-01-02,20.0,18.0,53.0,28.0,35.0,20.0
2013-01-05,30.0,49.0,54.0,26.0,51.0,25.0
2013-01-09,11.0,20.0,13.0,27.0,59.0,26.0
2013-01-12,47.0,21.0,23.0,14.0,10.0,7.0
2013-01-16,51.0,21.0,32.0,28.0,9.0,35.0
2013-01-19,29.0,8.0,28.0,34.0,38.0,35.0
2013-01-23,24.0,43.0,11.0,12.0,45.0,9.0
2013-01-26,22.0,49.0,41.0,26.0,3.0,18.0
2013-01-30,47.0,16.0,14.0,32.0,52.0,16.0
2013-02-02,41.0,33.0,16.0,40.0,11.0,34.0
2013-02-06,36.0,38.0,5.0,27.0,41.0,12.0
2013-02-09,58.0,36.0,16.0,6.0,5.0,3.0
2013-02-13,12.0,43.0,27.0,25.0,23.0,29.0
2013-02-16,58.0,16.0,15.0,46.0,50.0,29.0
2013-02-20,25.0,3.0,32.0,17.0,19.0,17.0
2013-02-23,41.0,31.0,39.0,2.0,5.0,29.0
2013-02-27,48.0,20.0,14.0,34.0,3.0,21.0
2013-03-02,56.0,13.0,8.0,41.0,3.0,16.0
2013-03-06,45.0,10.0,6.0,23.0,41.0,1.0
2013-03-09,46.0,52.0,37.0,10.0,40.0,12.0
2013-03-13,38.0,9.0,32.0,28.0,5.0,29.0
2013-03-16,44.0,53.0,7.0,21.0,3.0,16.0
2013-03-20,43.0,17.0,14.0,13.0,54.0,15.0
2013-03-23,29.0,53.0,52.0,17.0,31.0,31.0
2013-03-27,43.0,48.0,7.0,37.0,52.0,16.0
2013-03-30,23.0,46.0,11.0,26.0,55.0,27.0
2013-04-03,35.0,8.0,12.0,1.0,6.0,3.0
2013-04-06,39.0,29.0,4.0,8.0,7.0,24.0
2013-04-10,40.0,1.0,52.0,36.0,53.0,20.0
2013-04-13,10.0,57.0,31.0,12.0,56.0,33.0
2013-04-17,58.0,18.0,48.0,13.0,36.0,28.0
2013-04-20,6.0,39.0,8.0,30.0,48.0,20.0
2013-04-24,9.0,59.0,31.0,56.0,19.0,2.0
2013-04-27,55.0,54.0,48.0,23.0,3.0,5.0
2013-05-01,31.0,22.0,55.0,26.0,54.0,18.0
2013-05-04,26.0,36.0,40.0,7.0,12.0,17.0
2013-05-08,21.0,57.0,26.0,22.0,30.0,27.0
2013-05-11,6.0,23.0,19.0,43.0,13.0,16.0
2013-05-15,2.0,34.0,11.0,41.0,26.0,32.0
2013-05-18,22.0,10.0,13.0,14.0,52.0,11.0
2013-05-22,31.0,35.0,41.0,9.0,57.0,26.0
2013-05-25,27.0,21.0,19.0,6.0,2.0,25.0
2013-05-29,49.0,14.0,9.0,17.0,57.0,2.0
2013-06-01,33.0,53.0,59.0,22.0,28.0,14.0
2013-06-05,4.0,36.0,26.0,33.0,55.0,32.0
2013-06-08,2.0,26.0,11.0,32.0,22.0,19.0
2013-06-12,22.0,16.0,42.0,23.0,55.0,32.0
2013-06-15,48.0,55.0,28.0,40.0,36.0,1.0
2013-06-19,57.0,47.0,46.0,52.0,7.0,17.0
2013-06-22,33.0,57.0,19.0,23.0,13.0,28.0
2013-06-26,1.0,46.0,39.0,33.0,18.0,33.0
2013-06-29,28.0,8.0,56.0,53.0,30.0,16.0
2013-07-03,40.0,6.0,51.0,29.0,3.0,4.0
2013-07-06,52.0,2.0,36.0,35.0,13.0,11.0
2013-07-10,55.0,45.0,31.0,30.0,59.0,27.0
2013-07-13,8.0,37.0,2.0,35.0,22.0,6.0
2013-07-17,22.0,1.0,42.0,38.0,34.0,17.0
2013-07-20,14.0,27.0,58.0,25.0,38.0,6.0
2013-07-24,44.0,29.0,54.0,40.0,9.0,7.0
2013-07-27,58.0,53.0,40.0,23.0,9.0,6.0
2013-07-31,8.0,24.0,59.0,39.0,49.0,5.0
2013-08-03,24.0,36.0,21.0,45.0,42.0,15.0
2013-08-07,58.0,5.0,25.0,59.0,30.0,32.0
2013-08-10,37.0,58.0,14.0,4.0,12.0,13.0
2013-08-14,17.0,43.0,11.0,4.0,51.0,20.0
2013-08-17,18.0,54.0,56.0,21.0,46.0,23.0
2013-08-21,30.0,48.0,42.0,46.0,40.0,23.0
2013-08-24,45.0,17.0,59.0,12.0,25.0,19.0
2013-08-28,32.0,19.0,7.0,9.0,6.0,13.0
2013-08-31,40.0,25.0,7.0,56.0,2.0,20.0
2013-09-04,2.0,45.0,26.0,9.0,47.0,11.0
2013-09-07,2.0,22.0,19.0,45.0,26.0,24.0
2013-09-11,19.0,33.0,42.0,52.0,11.0,33.0
2013-09-14,1.0,25.0,44.0,17.0,37.0,20.0
2013-09-18,7.0,10.0,35.0,32.0,22.0,19.0
2013-09-21,58.0,54.0,45.0,17.0,12.0,13.0
2013-09-25,49.0,7.0,17.0,53.0,2.0,23.0
2013-09-28,47.0,53.0,14.0,52.0,54.0,5.0
2013-10-02,6.0,51.0,42.0,4.0,25.0,17.0
2013-10-05,11.0,39.0,40.0,17.0,12.0,5.0
2013-10-09,9.0,38.0,3.0,33.0,19.0,18.0
2013-10-12,10.0,58.0,26.0,57.0,8.0,4.0
2013-10-16,3.0,42.0,26.0,34.0,28.0,28.0
2013-10-19,33.0,9.0,56.0,54.0,57.0,5.0
2013-10-23,47.0,34.0,23.0,31.0,3.0,13.0
2013-10-26,56.0,6.0,4.0,34.0,49.0,29.0
2013-10-30,54.0,2.0,49.0,36.0,40.0,10.0
2013-11-02,27.0,40.0,13.0,23.0,24.0,17.0
2013-11-06,49.0,1.0,5.0,10.0,15.0,22.0
2013-11-09,37.0,56.0,3.0,49.0,9.0,32.0
2013-11-13,31.0,5.0,55.0,50.0,56.0,9.0
2013-11-16,29.0,37.0,59.0,10.0,44.0,10.0
2013-11-20,32.0,4.0,45.0,23.0,18.0,7.0
2013-11-23,12.0,52.0,55.0,43.0,5.0,10.0
2013-11-27,57.0,25.0,18.0,55.0,50.0,17.0
2013-11-30,26.0,5.0,45.0,44.0,57.0,29.0
2013-12-04,9.0,6.0,11.0,44.0,31.0,25.0
2013-12-07,45.0,13.0,48.0,32.0,20.0,17.0
2013-12-11,10.0,18.0,19.0,1.0,13.0,27.0
2013-12-14,33.0,41.0,25.0,14.0,32.0,34.0
2013-12-18,39.0,7.0,40.0,24.0,37.0,1.0
2013-12-21,36.0,51.0,45.0,25.0,40.0,8.0
2013-12-25,38.0,56.0,28.0,39.0,23.0,32.0
2013-12-28,56.0,51.0,35.0,44.0,8.0,18.0
2014-01-01,52.0,48.0,15.0,24.0,40.0,23.0
2014-01-04,19.0,58.0,37.0,20.0,41.0,14.0
2014-01-08,39.0,28.0,58.0,47.0,10.0,22.0
2014-01-11,54.0,15.0,48.0,33.0,10.0,34.0
2014-01-15,29.0,8.0,9.0,7.0,24.0,25.0
2014-01-18,38.0,14.0,13.0,19.0,31.0,25.0
2014-01-22,55.0,2.0,7.0,1.0,9.0,29.0
2014-01-25,57.0,8.0,55.0,12.0,18.0,2.0
2014-01-29,47.0,23.0,11.0,28.0,32.0,20.0
2014-02-01,12.0,15.0,38.0,5.0,27.0,7.0
2014-02-05,8.0,57.0,17.0,59.0,32.0,24.0
2014-02-08,54.0,37.0,34.0,25.0,24.0,29.0
2014-02-12,52.0,49.0,36.0,57.0,44.0,1.0
2014-02-15,9.0,23.0,2.0,14.0,21.0,3.0
2014-02-19,17.0,49.0,54.0,35.0,1.0,34.0
2014-02-22,13.0,2.0,54.0,14.0,3.0,4.0
2014-02-26,42.0,11.0,12.0,38.0,17.0,2.0
2014-03-01,3.0,8.0,25.0,47.0,30.0,13.0
2014-03-05,26.0,3.0,9.0,7.0,54.0,19.0
2014-03-08,14.0,24.0,32.0,41.0,10.0,30.0
2014-03-12,28.0,54.0,14.0,15.0,37.0,10.0
2014-03-15,34.0,5.0,51.0,2.0,58.0,9.0
2014-03-19,34.0,23.0,43.0,19.0,2.0,14.0
2014-03-22,55.0,13.0,28.0,58.0,31.0,15.0
2014-03-26,33.0,41.0,59.0,44.0,28.0,21.0
2014-03-29,3.0,12.0,27.0,38.0,2.0,17.0
2014-04-02,19.0,22.0,13.0,53.0,8.0,24.0
2014-04-05,26.0,11.0,21.0,34.0,33.0,29.0
2014-04-09,49.0,14.0,48.0,9.0,44.0,29.0
2014-04-12,26.0,45.0,14.0,55.0,54.0,20.0
2014-04-16,42.0,34.0,59.0,39.0,44.0,8.0
2014-04-19,35.0,6.0,51.0,5.0,29.0,21.0
2014-04-23,29.0,48.0,36.0,19.0,25.0,12.0
2014-04-26,30.0,3.0,22.0,7.0,33.0,20.0
2014-04-30,9.0,2.0,19.0,50.0,11.0,32.0
2014-05-03,15.0,5.0,46.0,49.0,16.0,26.0
2014-05-07,48.0,31.0,17.0,49.0,29.0,34.0
2014-05-10,41.0,47.0,55.0,31.0,4.0,1.0
2014-05-14,55.0,7.0,52.0,33.0,39.0,33.0
2014-05-17,32.0,23.0,47.0,39.0,49.0,22.0
2014-05-21,20.0,34.0,58.0,4.0,39.0,31.0
2014-05-24,55.0,15.0,49.0,16.0,28.0,18.0
2014-05-28,24.0,2.0,28.0,32.0,59.0,25.0
2014-05-31,34.0,15.0,48.0,27.0,31.0,1.0
2014-06-04,22.0,7.0,1.0,10.0,49.0,24.0
2014-06-07,58.0,30.0,35.0,28.0,59.0,15.0
2014-06-11,14.0,25.0,33.0,18.0,49.0,23.0
2014-06-14,33.0,54.0,42.0,9.0,45.0,30.0
2014-06-18,6.0,52.0,59.0,29.0,9.0,7.0
2014-06-21,41.0,6.0,54.0,5.0,37.0,26.0
2014-06-25,50.0,53.0,10.0,20.0,25.0,35.0
2014-06-28,56.0,8.0,12.0,43.0,34.0,9.0
2014-07-02,58.0,18.0,53.0,8.0,45.0,35.0
2014-07-05,34.0,58.0,24.0,36.0,57.0,11.0
2014-07-09,9.0,55.0,42.0,25.0,57.0,14.0
2014-07-12,23.0,7.0,2.0,3.0,51.0,26.0
2014-07-16,5.0,32.0,26.0,18.0,15.0,35.0
2014-07-19,10.0,53.0,17.0,25.0,45.0,9.0
2014-07-23,22.0,12.0,4.0,31.0,10.0,3.0
2014-07-26,38.0,39.0,28.0,24.0,30.0,16.0
2014-07-30,49.0,13.0,30.0,53.0,42.0,29.0
2014-08-02,12.0,46.0,44.0,47.0,26.0,29.0
2014-08-06,49.0,1.0,8.0,24.0,28.0,24.0
2014-08-09,34.0,12.0,31.0,51.0,3.0,24.0
2014-08-13,37.0,8.0,40.0,52.0,39.0,24.0
2014-08-16,7.0,8.0,17.0,59.0,48.0,9.0
2014-08-20,21.0,40.0,8.0,38.0,4.0,3.0
2014-08-23,52.0,28.0,36.0,32.0,35.0,31.0
2014-08-27,24.0,17.0,45.0,46.0,26.0,19.0
2014-08-30,5.0,52.0,28.0,59.0,31.0,27.0
2014-09-03,43.0,2.0,51.0,45.0,16.0,35.0
2014-09-06,29.0,43.0,31.0,50.0,9.0,18.0
2014-09-10,14.0,39.0,2.0,40.0,43.0,13.0
2014-09-13,37.0,6.0,1.0,53.0,16.0,27.0
2014-09-17,36.0,18.0,25.0,50.0,48.0,23.0
2014-09-20,23.0,22.0,30.0,39.0,37.0,16.0
2014-09-24,7.0,14.0,24.0,41.0,21.0,26.0
2014-09-27,54.0,11.0,52.0,35.0,2.0,13.0
2014-10-01,20.0,1.0,45.0,18.0,4.0,7.0
2014-10-04,13.0,33.0,18.0,24.0,25.0,31.0
2014-10-08,46.0,50.0,16.0,31.0,5.0,18.0
2014-10-11,37.0,39.0,38.0,19.0,10.0,28.0
2014-10-15,5.0,7.0,28.0,27.0,19.0,20.0
2014-10-18,36.0,20.0,54.0,27.0,26.0,19.0
2014-10-22,40.0,42.0,30.0,29.0,50.0,16.0
2014-10-25,54.0,57.0,51.0,6.0,10.0,12.0
2014-10-29,48.0,28.0,59.0,25.0,57.0,16.0
2014-11-01,1.0,38.0,25.0,13.0,3.0,17.0
2014-11-05,19.0,2.0,11.0,21.0,42.0,34.0
2014-11-08,9.0,33.0,19.0,38.0,54.0,15.0
2014-11-12,55.0,37.0,39.0,52.0,51.0,11.0
2014-11-15,35.0,16.0,33.0,51.0,13.0,28.0
2014-11-19,38.0,6.0,36.0,48.0,51.0,17.0
2014-11-22,54.0,53.0,23.0,57.0,49.0,35.0
2014-11-26,46.0,17.0,22.0,16.0,54.0,35.0
2014-11-29,13.0,30.0,24.0,42.0,48.0,27.0
2014-12-03,54.0,30.0,32.0,46.0,25.0,26.0
2014-12-06,43.0,22.0,49.0,15.0,12.0,14.0
2014-12-10,48.0,34.0,55.0,44.0,54.0,10.0
2014-12-13,5.0,13.0,43.0,55.0,28.0,33.0
2014-12-17,47.0,31.0,48.0,38.0,22.0,15.0
2014-12-20,19.0,15.0,56.0,31.0,14.0,5.0
2014-12-24,46.0,11.0,12.0,47.0,50.0,22.0
2014-12-27,36.0,14.0,10.0,11.0,7.0,15.0
2014-12-31,40.0,27.0,17.0,53.0,37.0,35.0
2015-01-03,4.0,43.0,46.0,55.0,18.0,25.0
2015-01-07,47.0,49.0,59.0,15.0,14.0,10.0
2015-01-10,19.0,9.0,29.0,2.0,28.0,19.0
2015-01-14,10.0,4.0,53.0,2.0,41.0,22.0
2015-01-17,15.0,27.0,23.0,36.0,16.0,9.0
2015-01-21,57.0,12.0,28.0,15.0,11.0,23.0
2015-01-24,19.0,16.0,20.0,33.0,29.0,10.0
2015-01-28,49.0,24.0,12.0,36.0,35.0,1.0
2015-01-31,16.0,5.0,50.0,11.0,26.0,34.0
2015-02-04,51.0,52.0,36.0,24.0,56.0,22.0
2015-02-07,34.0,58.0,5.0,21.0,10.0,33.0
2015-02-11,25.0,11.0,54.0,13.0,39.0,19.0
2015-02-14,44.0,45.0,1.0,24.0,51.0,28.0
2015-02-18,29.0,1.0,49.0,9.0,32.0,22.0
2015-02-21,18.0,51.0,14.0,34.0,10.0,26.0
2015-02-25,39.0,17.0,21.0,32.0,19.0,8.0
2015-02-28,25.0,28.0,11.0,17.0,46.0,12.0
2015-03-04,8.0,35.0,15.0,12.0,50.0,32.0
2015-03-07,50.0,42.0,36.0,38.0,34.0,33.0
2015-03-11,24.0,44.0,31.0,11.0,40.0,27.0
2015-03-14,46.0,47.0,8.0,14.0,39.0,18.0
2015-03-18,30.0,47.0,33.0,25.0,14.0,8.0
2015-03-21,30.0,38.0,16.0,11.0,42.0,7.0
2015-03-25,54.0,23.0,19.0,7.0,50.0,14.0
2015-03-28,38.0,2.0,12.0,4.0,6.0,17.0
2015-04-01,44.0,39.0,30.0,33.0,2.0,1.0
2015-04-04,41.0,33.0,39.0,54.0,40.0,28.0
2015-04-08,1.0,19.0,45.0,58.0,46.0,29.0
2015-04-11,58.0,1.0,32.0,42.0,12.0,12.0
2015-04-15,1.0,21.0,29.0,16.0,40.0,30.0
2015-04-18,31.0,22.0,13.0,23.0,29.0,17.0
2015-04-22,25.0,10.0,14.0,39.0,53.0,18.0
2015-04-25,45.0,21.0,35.0,33.0,38.0,12.0
2015-04-29,26.0,1.0,38.0,34.0,51.0,6.0
2015-05-02,2.0,31.0,6.0,11.0,30.0,33.0
2015-05-06,24.0,41.0,39.0,23.0,27.0,30.0
2015-05-09,58.0,4.0,17.0,35.0,15.0,17.0
2015-05-13,31.0,29.0,1.0,47.0,25.0,7.0
2015-05-16,48.0,24.0,38.0,52.0,29.0,32.0
2015-05-20,12.0,1.0,44.0,28.0,35.0,25.0
2015-05-23,31.0,9.0,43.0,17.0,15.0,16.0
2015-05-27,8.0,15.0,59.0,34.0,53.0,23.0
2015-05-30,57.0,25.0,8.0,56.0,9.0,22.0
2015-06-03,6.0,40.0,37.0,13.0,8.0,11.0
2015-06-06,18.0,43.0,13.0,8.0,27.0,15.0
2015-06-10,49.0,32.0,31.0,53.0,48.0,25.0
2015-06-13,41.0,29.0,52.0,54.0,48.0,29.0
2015-06-17,22.0,20.0,21.0,54.0,41.0,7.0
2015-06-20,20.0,16.0,10.0,57.0,9.0,15.0
2015-06-24,5.0,10.0,3.0,22.0,32.0,7.0
2015-06-27,35.0,18.0,46.0,49.0,28.0,27.0
2015-07-01,24.0,41.0,31.0,26.0,7.0,25.0
2015-07-04,24.0,18.0,6.0,3.0,14.0,21.0
2015-07-08,30.0,27.0,25.0,15.0,4.0,18.0
2015-07-11,46.0,39.0,52.0,11.0,54.0,3.0
2015-07-15,45.0,34.0,13.0,50.0,16.0,11.0
2015-07-18,39.0,6.0,37.0,45.0,55.0,33.0
2015-07-22,31.0,12.0,57.0,44.0,43.0,11.0
2015-07-25,27.0,44.0,41.0,29.0,34.0,2.0
2015-07-29,4.0,52.0,22.0,27.0,28.0,35.0
2015-08-01,13.0,7.0,49.0,24.0,57.0,15.0
2015-08-05,42.0,14.0,9.0,16.0,11.0,19.0
2015-08-08,34.0,48.0,54.0,52.0,9.0,15.0
2015-08-12,29.0,38.0,8.0,13.0,52.0,28.0
2015-08-15,3.0,17.0,13.0,52.0,42.0,24.0
2015-08-19,6.0,43.0,48.0,50.0,8.0,7.0
2015-08-22,12.0,14.0,21.0,4.0,55.0,7.0
2015-08-26,22.0,56.0,2.0,45.0,32.0,12.0
2015-08-29,25.0,18.0,29.0,21.0,28.0,16.0
2015-09-02,17.0,46.0,22.0,30.0,56.0,16.0
2015-09-05,29.0,10.0,18.0,16.0,45.0,19.0
2015-09-09,50.0,44.0,45.0,51.0,47.0,8.0
2015-09-12,35.0,3.0,16.0,2.0,13.0,27.0
2015-09-16,7.0,5.0,39.0,24.0,31.0,7.0
2015-09-19,12.0,43.0,17.0,26.0,48.0,24.0
2015-09-23,8.0,29.0,51.0,58.0,41.0,5.0
2015-09-26,23.0,57.0,42.0,31.0,50.0,5.0
2015-09-30,40.0,59.0,21.0,39.0,55.0,17.0
2015-10-03,33.0,6.0,46.0,44.0,26.0,4.0
2015-10-07,52.0,40.0,48.0,18.0,30.0,9.0
2015-10-10,27.0,68.0,12.0,43.0,29.0,1.0
2015-10-14,20.0,15.0,31.0,40.0,29.0,1.0
2015-10-17,57.0,62.0,69.0,49.0,48.0,19.0
2015-10-21,57.0,32.0,30.0,42.0,56.0,11.0
2015-10-24,20.0,31.0,56.0,64.0,60.0,2.0
2015-10-28,56.0,62.0,54.0,63.0,4.0,10.0
2015-10-31,9.0,47.0,20.0,25.0,68.0,7.0
2015-11-04,12.0,2.0,17.0,20.0,65.0,17.0
2015-11-07,50.0,53.0,7.0,16.0,25.0,15.0
2015-11-11,26.0,4.0,32.0,55.0,64.0,18.0
2015-11-14,14.0,22.0,37.0,45.0,66.0,5.0
2015-11-18,40.0,17.0,46.0,69.0,41.0,6.0
2015-11-21,37.0,57.0,47.0,50.0,52.0,21.0
2015-11-25,53.0,16.0,69.0,58.0,29.0,21.0
2015-11-28,47.0,2.0,66.0,67.0,6.0,2.0
2015-12-02,14.0,18.0,19.0,64.0,32.0,9.0
2015-12-05,47.0,33.0,68.0,27.0,13.0,13.0
2015-12-09,16.0,46.0,10.0,56.0,7.0,1.0
2015-12-12,62.0,2.0,30.0,19.0,14.0,22.0
2015-12-16,9.0,42.0,10.0,55.0,32.0,6.0
2015-12-19,30.0,68.0,59.0,41.0,28.0,10.0
2015-12-23,67.0,16.0,63.0,38.0,55.0,25.0
2015-12-26,65.0,40.0,44.0,59.0,27.0,20.0
2015-12-30,12.0,61.0,54.0,38.0,36.0,22.0
2016-01-02,42.0,15.0,6.0,5.0,29.0,10.0
2016-01-06,47.0,2.0,63.0,62.0,11.0,17.0
2016-01-09,32.0,16.0,19.0,57.0,34.0,13.0
2016-01-13,8.0,27.0,34.0,4.0,19.0,10.0
2016-01-16,61.0,52.0,51.0,64.0,3.0,6.0
2016-01-20,44.0,5.0,39.0,69.0,47.0,24.0
2016-01-23,32.0,22.0,40.0,69.0,34.0,19.0
2016-01-27,40.0,52.0,3.0,67.0,12.0,21.0
2016-01-30,16.0,5.0,12.0,31.0,43.0,18.0
2016-02-03,26.0,60.0,67.0,31.0,28.0,23.0
2016-02-06,13.0,4.0,36.0,31.0,52.0,8.0
2016-02-10,2.0,62.0,40.0,50.0,3.0,5.0
2016-02-13,7.0,15.0,36.0,18.0,19.0,20.0
2016-02-17,29.0,27.0,7.0,40.0,17.0,25.0
2016-02-20,54.0,12.0,11.0,16.0,15.0,25.0
2016-02-24,67.0,21.0,65.0,31.0,64.0,5.0
2016-02-27,22.0,11.0,53.0,21.0,10.0,18.0
2016-03-02,62.0,52.0,13.0,12.0,44.0,6.0
2016-03-05,3.0,34.0,27.0,59.0,69.0,19.0
2016-03-09,32.0,34.0,14.0,23.0,68.0,3.0
2016-03-12,28.0,11.0,50.0,57.0,62.0,23.0
2016-03-16,46.0,50.0,12.0,13.0,10.0,21.0
2016-03-19,11.0,60.0,23.0,54.0,43.0,3.0
2016-03-23,22.0,15.0,49.0,5.0,8.0,25.0
2016-03-26,23.0,42.0,68.0,52.0,11.0,6.0
2016-03-30,55.0,24.0,63.0,53.0,44.0,19.0
2016-04-02,9.0,61.0,28.0,40.0,30.0,3.0
2016-04-06,65.0,28.0,49.0,60.0,4.0,25.0
2016-04-09,14.0,23.0,41.0,61.0,22.0,9.0
2016-04-13,30.0,35.0,38.0,33.0,64.0,22.0
2016-04-16,32.0,3.0,25.0,51.0,18.0,3.0
2016-04-20,62.0,30.0,12.0,25.0,52.0,8.0
2016-04-23,46.0,62.0,59.0,35.0,19.0,13.0
2016-04-27,25.0,39.0,64.0,2.0,33.0,17.0
2016-04-30,32.0,16.0,3.0,34.0,12.0,14.0
2016-05-04,47.0,69.0,30.0,66.0,57.0,3.0
2016-05-07,25.0,66.0,44.0,5.0,26.0,9.0
2016-05-11,69.0,32.0,52.0,66.0,20.0,23.0
2016-05-14,64.0,27.0,65.0,13.0,47.0,9.0
2016-05-18,25.0,67.0,39.0,23.0,54.0,11.0
2016-05-21,9.0,32.0,5.0,7.0,23.0,26.0
2016-05-25,64.0,24.0,59.0,41.0,11.0,15.0
2016-05-28,6.0,34.0,33.0,59.0,58.0,12.0
2016-06-01,40.0,69.0,33.0,23.0,30.0,12.0
2016-06-04,20.0,16.0,43.0,64.0,22.0,17.0
2016-06-08,37.0,69.0,12.0,25.0,60.0,20.0
2016-06-11,36.0,58.0,27.0,41.0,20.0,7.0
2016-06-15,33.0,4.0,24.0,31.0,22.0,10.0
2016-06-18,53.0,2.0,23.0,63.0,41.0,11.0
2016-06-22,14.0,42.0,43.0,52.0,40.0,17.0
2016-06-25,36.0,3.0,56.0,69.0,27.0,25.0
2016-06-29,29.0,37.0,23.0,64.0,60.0,6.0
2016-07-02,63.0,39.0,59.0,34.0,10.0,4.0
2016-07-06,66.0,57.0,2.0,31.0,24.0,18.0
2016-07-09,32.0,28.0,10.0,64.0,61.0,12.0
2016-07-13,57.0,15.0,29.0,3.0,54.0,10.0
2016-07-16,11.0,50.0,40.0,17.0,62.0,26.0
2016-07-20,6.0,58.0,66.0,25.0,35.0,5.0
2016-07-23,39.0,5.0,35.0,7.0,23.0,11.0
2016-07-27,10.0,47.0,68.0,65.0,50.0,24.0
2016-07-30,32.0,21.0,17.0,23.0,11.0,5.0
2016-08-03,66.0,27.0,11.0,9.0,67.0,2.0
2016-08-06,52.0,33.0,47.0,36.0,20.0,12.0
2016-08-10,64.0,56.0,61.0,23.0,67.0,12.0
2016-08-13,44.0,38.0,64.0,69.0,60.0,6.0
2016-08-17,44.0,49.0,33.0,50.0,52.0,8.0
2016-08-20,68.0,3.0,21.0,6.0,60.0,24.0
2016-08-24,25.0,11.0,9.0,65.0,64.0,16.0
2016-08-27,48.0,32.0,63.0,4.0,49.0,20.0
2016-08-31,10.0,56.0,24.0,61.0,5.0,12.0
2016-09-03,39.0,59.0,7.0,67.0,50.0,25.0
2016-09-07,23.0,55.0,33.0,22.0,29.0,21.0
2016-09-10,3.0,17.0,49.0,68.0,55.0,8.0
2016-09-14,10.0,31.0,23.0,28.0,11.0,14.0
2016-09-17,51.0,19.0,9.0,62.0,55.0,14.0
2016-09-21,63.0,67.0,1.0,69.0,28.0,17.0
2016-09-24,15.0,7.0,29.0,41.0,20.0,22.0
2016-09-28,30.0,53.0,62.0,38.0,52.0,1.0
2016-10-01,12.0,64.0,50.0,61.0,2.0,1.0
2016-10-05,60.0,29.0,18.0,27.0,8.0,15.0
2016-10-08,3.0,64.0,68.0,61.0,54.0,9.0
2016-10-12,34.0,44.0,30.0,16.0,37.0,16.0
2016-10-15,64.0,49.0,57.0,23.0,67.0,20.0
2016-10-19,43.0,63.0,16.0,38.0,10.0,23.0
2016-10-22,1.0,55.0,33.0,28.0,56.0,22.0
2016-10-26,48.0,56.0,2.0,16.0,3.0,24.0
2016-10-29,42.0,48.0,20.0,21.0,19.0,23.0
2016-11-02,18.0,54.0,61.0,13.0,37.0,5.0
2016-11-05,31.0,50.0,69.0,21.0,51.0,8.0
2016-11-09,28.0,31.0,54.0,25.0,1.0,2.0
2016-11-12,20.0,8.0,27.0,52.0,17.0,24.0
2016-11-16,28.0,61.0,63.0,41.0,65.0,7.0
2016-11-19,24.0,61.0,43.0,16.0,28.0,21.0
2016-11-23,7.0,61.0,41.0,47.0,32.0,3.0
2016-11-26,21.0,17.0,37.0,44.0,19.0,16.0
2016-11-30,3.0,45.0,25.0,14.0,18.0,7.0
2016-12-03,27.0,26.0,33.0,8.0,10.0,22.0
2016-12-07,49.0,64.0,48.0,41.0,53.0,20.0
2016-12-10,32.0,21.0,12.0,44.0,66.0,15.0
2016-12-14,39.0,18.0,66.0,37.0,26.0,15.0
2016-12-17,16.0,40.0,8.0,48.0,1.0,10.0
2016-12-21,25.0,68.0,40.0,54.0,33.0,3.0
2016-12-24,38.0,52.0,42.0,51.0,28.0,21.0
2016-12-28,30.0,23.0,44.0,58.0,16.0,4.0
2016-12-31,1.0,28.0,3.0,67.0,57.0,9.0
2017-01-04,17.0,16.0,42.0,41.0,29.0,4.0
2017-01-07,37.0,63.0,12.0,24.0,3.0,10.0
2017-01-11,1.0,16.0,13.0,43.0,3.0,24.0
2017-01-14,55.0,69.0,23.0,64.0,59.0,13.0
2017-01-18,41.0,9.0,58.0,40.0,53.0,12.0
2017-01-21,45.0,25.0,23.0,67.0,52.0,2.0
2017-01-25,18.0,62.0,66.0,68.0,28.0,22.0
2017-01-28,39.0,12.0,49.0,69.0,20.0,17.0
2017-02-01,9.0,60.0,64.0,43.0,57.0,10.0
2017-02-04,52.0,17.0,16.0,13.0,6.0,25.0
2017-02-08,49.0,20.0,42.0,14.0,66.0,5.0
2017-02-11,37.0,64.0,17.0,9.0,5.0,2.0
2017-02-15,33.0,5.0,42.0,38.0,28.0,19.0
2017-02-18,9.0,3.0,33.0,7.0,31.0,20.0
2017-02-22,52.0,10.0,61.0,28.0,13.0,2.0
2017-02-25,6.0,62.0,32.0,47.0,65.0,19.0
2017-03-01,16.0,10.0,52.0,40.0,55.0,17.0
2017-03-04,2.0,22.0,63.0,19.0,18.0,19.0
2017-03-08,42.0,23.0,59.0,46.0,33.0,4.0
2017-03-11,57.0,41.0,50.0,26.0,1.0,11.0
2017-03-15,30.0,16.0,41.0,48.0,53.0,16.0
2017-03-18,25.0,67.0,54.0,44.0,13.0,5.0
2017-03-22,2.0,29.0,9.0,27.0,42.0,9.0
2017-03-25,32.0,18.0,31.0,48.0,45.0,16.0
2017-03-29,8.0,62.0,31.0,36.0,15.0,11.0
2017-04-01,65.0,9.0,44.0,36.0,32.0,1.0
2017-04-05,53.0,20.0,54.0,46.0,8.0,13.0
2017-04-08,51.0,53.0,36.0,23.0,60.0,15.0
2017-04-12,68.0,63.0,14.0,8.0,61.0,24.0
2017-04-15,61.0,26.0,45.0,5.0,22.0,13.0
2017-04-19,1.0,19.0,52.0,40.0,37.0,15.0
2017-04-22,39.0,21.0,48.0,41.0,63.0,6.0
2017-04-26,18.0,1.0,51.0,15.0,26.0,26.0
2017-04-29,24.0,22.0,23.0,62.0,45.0,5.0
2017-05-03,18.0,49.0,66.0,17.0,59.0,9.0
2017-05-06,31.0,21.0,11.0,41.0,59.0,21.0
2017-05-10,62.0,31.0,56.0,46.0,29.0,8.0
2017-05-13,68.0,17.0,20.0,63.0,32.0,19.0
2017-05-17,39.0,4.0,48.0,45.0,11.0,9.0
2017-05-20,45.0,5.0,47.0,54.0,22.0,3.0
2017-05-24,38.0,28.0,33.0,32.0,62.0,15.0
2017-05-27,55.0,10.0,5.0,67.0,28.0,9.0
2017-05-31,60.0,39.0,33.0,4.0,46.0,6.0
2017-06-03,54.0,41.0,9.0,3.0,21.0,25.0
2017-06-07,66.0,57.0,5.0,69.0,21.0,13.0
2017-06-10,32.0,26.0,20.0,38.0,58.0,3.0
2017-06-14,63.0,22.0,5.0,43.0,57.0,24.0
2017-06-17,13.0,62.0,10.0,53.0,32.0,21.0
2017-06-21,65.0,14.0,46.0,68.0,61.0,13.0
2017-06-24,36.0,32.0,22.0,58.0,10.0,10.0
2017-06-28,46.0,37.0,29.0,53.0,68.0,8.0
2017-07-01,45.0,19.0,42.0,53.0,48.0,16.0
2017-07-05,54.0,9.0,68.0,4.0,16.0,21.0
2017-07-08,29.0,8.0,40.0,59.0,10.0,26.0
2017-07-12,18.0,23.0,2.0,61.0,1.0,9.0
2017-07-15,40.0,66.0,9.0,64.0,63.0,17.0
2017-07-19,63.0,51.0,59.0,61.0,50.0,4.0
2017-07-22,44.0,32.0,60.0,5.0,53.0,9.0
2017-07-26,19.0,42.0,21.0,7.0,69.0,12.0
2017-07-29,1.0,40.0,28.0,48.0,45.0,12.0
2017-08-02,16.0,1.0,54.0,63.0,69.0,18.0
2017-08-05,33.0,21.0,45.0,11.0,28.0,11.0
2017-08-09,12.0,30.0,47.0,62.0,36.0,9.0
2017-08-12,35.0,20.0,49.0,26.0,24.0,19.0
2017-08-16,64.0,43.0,60.0,9.0,15.0,4.0
2017-08-19,17.0,68.0,19.0,43.0,39.0,13.0
2017-08-23,7.0,26.0,16.0,23.0,6.0,4.0
2017-08-26,66.0,15.0,7.0,38.0,32.0,15.0
2017-08-30,43.0,19.0,69.0,28.0,67.0,7.0
2017-09-02,62.0,41.0,21.0,52.0,6.0,26.0
2017-09-06,32.0,14.0,8.0,58.0,67.0,17.0
2017-09-09,59.0,20.0,6.0,57.0,29.0,22.0
2017-09-13,24.0,63.0,35.0,57.0,17.0,19.0
2017-09-16,31.0,24.0,25.0,17.0,18.0,24.0
2017-09-20,68.0,48.0,67.0,39.0,53.0,26.0
2017-09-23,45.0,24.0,56.0,55.0,57.0,19.0
2017-09-27,21.0,25.0,10.0,23.0,8.0,22.0
2017-09-30,8.0,25.0,12.0,41.0,64.0,15.0
2017-10-04,23.0,63.0,62.0,66.0,22.0,24.0
2017-10-07,61.0,10.0,49.0,65.0,63.0,7.0
2017-10-11,1.0,69.0,19.0,3.0,13.0,23.0
2017-10-14,56.0,37.0,69.0,32.0,66.0,11.0
2017-10-18,69.0,54.0,49.0,30.0,66.0,8.0
2017-10-21,14.0,45.0,69.0,41.0,42.0,4.0
2017-10-25,57.0,54.0,29.0,22.0,18.0,8.0
2017-10-28,35.0,27.0,57.0,66.0,38.0,10.0
2017-11-01,26.0,3.0,19.0,6.0,44.0,1.0
2017-11-04,51.0,48.0,12.0,26.0,14.0,13.0
2017-11-08,12.0,21.0,14.0,34.0,20.0,22.0
2017-11-11,56.0,6.0,4.0,30.0,16.0,18.0
2017-11-15,48.0,32.0,44.0,50.0,23.0,25.0
2017-11-18,17.0,31.0,28.0,32.0,39.0,26.0
2017-11-22,61.0,51.0,37.0,46.0,35.0,13.0
2017-11-25,53.0,8.0,54.0,27.0,13.0,4.0
2017-11-29,59.0,28.0,26.0,24.0,63.0,16.0
2017-12-02,32.0,30.0,36.0,28.0,58.0,6.0
2017-12-06,50.0,19.0,55.0,62.0,20.0,9.0
2017-12-09,36.0,60.0,55.0,37.0,25.0,6.0
2017-12-13,2.0,28.0,51.0,58.0,24.0,7.0
2017-12-16,35.0,63.0,37.0,9.0,50.0,11.0
2017-12-20,20.0,61.0,64.0,1.0,69.0,20.0
2017-12-23,44.0,15.0,1.0,13.0,3.0,25.0
2017-12-27,16.0,60.0,3.0,56.0,9.0,3.0
2017-12-30,58.0,28.0,51.0,41.0,36.0,24.0
2018-01-03,42.0,39.0,18.0,2.0,37.0,12.0
2018-01-06,12.0,61.0,30.0,29.0,33.0,26.0
2018-01-10,7.0,24.0,50.0,49.0,33.0,4.0
2018-01-13,69.0,25.0,35.0,14.0,58.0,24.0
2018-01-17,33.0,51.0,3.0,37.0,57.0,21.0
2018-01-20,28.0,26.0,58.0,47.0,49.0,3.0
2018-01-24,11.0,9.0,5.0,33.0,64.0,21.0
2018-01-27,54.0,26.0,17.0,21.0,47.0,7.0
2018-01-31,7.0,4.0,14.0,59.0,46.0,22.0
2018-02-03,15.0,48.0,23.0,27.0,53.0,6.0
2018-02-07,40.0,35.0,34.0,47.0,23.0,10.0
2018-02-10,27.0,13.0,41.0,59.0,1.0,20.0
2018-02-14,44.0,46.0,37.0,39.0,69.0,26.0
2018-02-17,26.0,62.0,39.0,13.0,44.0,2.0
2018-02-21,7.0,36.0,31.0,15.0,34.0,8.0
2018-02-24,38.0,25.0,62.0,63.0,24.0,6.0
2018-02-28,69.0,12.0,65.0,59.0,30.0,16.0
2018-03-03,40.0,17.0,36.0,25.0,13.0,5.0
2018-03-07,36.0,6.0,19.0,13.0,51.0,18.0
2018-03-10,69.0,43.0,54.0,44.0,61.0,22.0
2018-03-14,12.0,24.0,6.0,41.0,68.0,9.0
2018-03-17,60.0,66.0,22.0,59.0,57.0,7.0
2018-03-21,29.0,4.0,61.0,3.0,18.0,25.0
2018-03-24,33.0,56.0,53.0,10.0,45.0,24.0
2018-03-28,53.0,8.0,52.0,6.0,26.0,21.0
2018-03-31,24.0,55.0,52.0,61.0,8.0,21.0
2018-04-04,42.0,64.0,54.0,8.0,24.0,24.0
2018-04-07,38.0,2.0,20.0,17.0,39.0,20.0
2018-04-11,67.0,18.0,16.0,55.0,27.0,18.0
2018-04-14,61.0,17.0,19.0,26.0,62.0,15.0
2018-04-18,12.0,17.0,10.0,9.0,23.0,9.0
2018-04-21,50.0,69.0,54.0,62.0,40.0,19.0
2018-04-25,18.0,17.0,39.0,64.0,56.0,12.0
2018-04-28,28.0,50.0,22.0,45.0,20.0,8.0
2018-05-02,40.0,5.0,31.0,50.0,14.0,6.0
2018-05-05,29.0,36.0,14.0,61.0,57.0,17.0
2018-05-09,50.0,69.0,16.0,38.0,11.0,19.0
2018-05-12,42.0,56.0,22.0,55.0,45.0,14.0
2018-05-16,17.0,22.0,21.0,19.0,51.0,19.0
2018-05-19,56.0,9.0,17.0,3.0,6.0,25.0
2018-05-23,20.0,54.0,61.0,56.0,64.0,7.0
2018-05-26,45.0,31.0,21.0,1.0,49.0,21.0
2018-05-30,46.0,23.0,26.0,17.0,68.0,20.0
2018-06-02,23.0,37.0,64.0,44.0,25.0,7.0
2018-06-06,53.0,28.0,41.0,23.0,56.0,14.0
2018-06-09,36.0,10.0,25.0,6.0,15.0,14.0
2018-06-13,13.0,38.0,45.0,20.0,55.0,1.0
2018-06-16,65.0,9.0,58.0,57.0,45.0,9.0
2018-06-20,14.0,56.0,27.0,4.0,23.0,13.0
2018-06-23,29.0,56.0,45.0,16.0,43.0,25.0
2018-06-27,63.0,28.0,62.0,7.0,37.0,15.0
2018-06-30,9.0,3.0,20.0,42.0,61.0,24.0
2018-07-04,7.0,41.0,15.0,4.0,44.0,10.0
2018-07-07,45.0,43.0,1.0,10.0,64.0,22.0
2018-07-11,21.0,19.0,47.0,27.0,46.0,7.0
2018-07-14,49.0,22.0,41.0,67.0,42.0,11.0
2018-07-18,28.0,36.0,10.0,1.0,27.0,12.0
2018-07-21,9.0,56.0,58.0,23.0,68.0,1.0
2018-07-25,64.0,44.0,18.0,2.0,41.0,26.0
2018-07-28,27.0,65.0,56.0,46.0,22.0,13.0
2018-08-01,5.0,38.0,22.0,58.0,32.0,26.0
2018-08-04,38.0,58.0,3.0,11.0,44.0,2.0
2018-08-08,21.0,63.0,30.0,43.0,10.0,17.0
2018-08-11,56.0,43.0,5.0,68.0,62.0,24.0
2018-08-15,28.0,15.0,12.0,47.0,48.0,16.0
2018-08-18,34.0,67.0,52.0,61.0,24.0,16.0
2018-08-22,45.0,1.0,47.0,69.0,7.0,13.0
2018-08-25,25.0,20.0,57.0,63.0,54.0,8.0
2018-08-29,53.0,25.0,41.0,67.0,57.0,12.0
2018-09-01,54.0,66.0,55.0,61.0,11.0,9.0
2018-09-05,59.0,60.0,6.0,50.0,15.0,13.0
2018-09-08,20.0,32.0,3.0,33.0,13.0,21.0
2018-09-12,28.0,48.0,63.0,6.0,64.0,24.0
2018-09-15,19.0,18.0,24.0,34.0,2.0,3.0
2018-09-19,50.0,4.0,51.0,48.0,39.0,11.0
2018-09-22,61.0,24.0,69.0,64.0,63.0,18.0
2018-09-26,7.0,1.0,30.0,50.0,2.0,8.0
2018-09-29,9.0,17.0,34.0,59.0,64.0,22.0
2018-10-03,63.0,66.0,53.0,59.0,41.0,3.0
2018-10-06,22.0,53.0,27.0,67.0,1.0,15.0
2018-10-10,27.0,60.0,42.0,23.0,8.0,7.0
2018-10-13,14.0,65.0,11.0,43.0,32.0,15.0
2018-10-17,3.0,64.0,69.0,68.0,57.0,15.0
2018-10-20,62.0,16.0,54.0,57.0,69.0,23.0
2018-10-24,56.0,53.0,45.0,21.0,3.0,22.0
2018-10-27,13.0,12.0,8.0,27.0,19.0,4.0
2018-10-31,40.0,39.0,47.0,7.0,25.0,20.0
2018-11-03,24.0,65.0,21.0,32.0,15.0,11.0
2018-11-07,50.0,28.0,34.0,42.0,26.0,25.0
2018-11-10,53.0,29.0,5.0,57.0,34.0,24.0
2018-11-14,49.0,62.0,42.0,7.0,69.0,23.0
2018-11-17,8.0,6.0,68.0,20.0,52.0,5.0
2018-11-21,14.0,23.0,38.0,7.0,55.0,18.0
2018-11-24,56.0,33.0,58.0,51.0,11.0,18.0
2018-11-28,4.0,68.0,59.0,69.0,19.0,21.0
2018-12-01,10.0,58.0,47.0,11.0,55.0,26.0
2018-12-05,36.0,38.0,9.0,11.0,37.0,11.0
2018-12-08,61.0,14.0,34.0,32.0,46.0,10.0
2018-12-12,9.0,64.0,29.0,21.0,4.0,26.0
2018-12-15,8.0,38.0,55.0,52.0,43.0,17.0
2018-12-19,43.0,31.0,29.0,37.0,15.0,16.0
2018-12-22,40.0,59.0,28.0,21.0,30.0,26.0
2018-12-26,52.0,38.0,25.0,67.0,5.0,24.0
2018-12-29,51.0,53.0,42.0,62.0,12.0,25.0
2019-01-02,56.0,46.0,42.0,12.0,8.0,12.0
2019-01-05,15.0,27.0,69.0,7.0,3.0,19.0
2019-01-09,19.0,59.0,37.0,6.0,49.0,22.0
2019-01-12,57.0,58.0,7.0,36.0,48.0,24.0
2019-01-16,14.0,61.0,29.0,31.0,56.0,1.0
2019-01-19,5.0,65.0,8.0,66.0,41.0,20.0
2019-01-23,50.0,25.0,48.0,23.0,47.0,24.0
2019-01-26,12.0,8.0,21.0,32.0,20.0,10.0
2019-01-30,16.0,2.0,12.0,29.0,54.0,6.0
2019-02-02,10.0,43.0,17.0,18.0,65.0,13.0
2019-02-06,13.0,28.0,5.0,63.0,38.0,21.0
2019-02-09,7.0,39.0,2.0,3.0,1.0,25.0
2019-02-13,2.0,24.0,8.0,69.0,14.0,26.0
2019-02-16,48.0,30.0,41.0,64.0,29.0,1.0
2019-02-20,50.0,52.0,49.0,51.0,27.0,2.0
2019-02-23,32.0,4.0,20.0,6.0,14.0,13.0
2019-02-27,49.0,31.0,59.0,42.0,21.0,23.0
2019-03-02,27.0,68.0,25.0,19.0,1.0,21.0
2019-03-06,21.0,35.0,10.0,6.0,46.0,23.0
2019-03-09,45.0,5.0,59.0,55.0,6.0,14.0
2019-03-13,69.0,36.0,45.0,47.0,18.0,14.0
2019-03-16,67.0,30.0,34.0,39.0,53.0,11.0
2019-03-20,10.0,53.0,50.0,63.0,14.0,21.0
2019-03-23,66.0,52.0,60.0,24.0,25.0,5.0
2019-03-27,44.0,62.0,20.0,37.0,16.0,12.0
2019-03-30,54.0,52.0,21.0,64.0,68.0,4.0
2019-04-03,25.0,16.0,32.0,49.0,19.0,18.0
2019-04-06,33.0,43.0,60.0,59.0,15.0,8.0
2019-04-10,39.0,12.0,21.0,23.0,67.0,6.0
2019-04-13,17.0,26.0,32.0,4.0,49.0,10.0
2019-04-17,15.0,46.0,66.0,17.0,1.0,15.0
2019-04-20,3.0,63.0,27.0,65.0,30.0,1.0
2019-04-24,35.0,65.0,32.0,36.0,6.0,4.0
2019-04-27,45.0,29.0,62.0,41.0,2.0,6.0
2019-05-01,66.0,28.0,23.0,56.0,5.0,17.0
2019-05-04,30.0,6.0,23.0,16.0,61.0,2.0
2019-05-08,66.0,64.0,45.0,53.0,1.0,3.0
2019-05-11,40.0,9.0,8.0,6.0,37.0,26.0
2019-05-15,33.0,68.0,61.0,17.0,7.0,4.0
2019-05-18,2.0,10.0,66.0,67.0,25.0,26.0
2019-05-22,7.0,44.0,57.0,10.0,20.0,3.0
2019-05-25,43.0,39.0,2.0,66.0,1.0,2.0
2019-05-29,61.0,3.0,42.0,32.0,34.0,7.0
2019-06-01,34.0,45.0,6.0,52.0,15.0,8.0
2019-06-05,38.0,17.0,28.0,34.0,23.0,8.0
2019-06-08,13.0,9.0,48.0,42.0,60.0,18.0
2019-06-12,42.0,57.0,35.0,38.0,5.0,13.0
2019-06-15,8.0,11.0,49.0,16.0,14.0,14.0
2019-06-19,26.0,38.0,21.0,4.0,18.0,1.0
2019-06-22,66.0,14.0,3.0,6.0,11.0,21.0
2019-06-26,54.0,22.0,16.0,1.0,5.0,24.0
2019-06-29,59.0,13.0,24.0,62.0,17.0,8.0
2019-07-03,50.0,45.0,43.0,40.0,61.0,25.0
2019-07-06,4.0,8.0,46.0,23.0,65.0,1.0
2019-07-10,7.0,68.0,9.0,26.0,44.0,3.0
2019-07-13,32.0,35.0,13.0,23.0,68.0,21.0
2019-07-17,19.0,47.0,68.0,60.0,43.0,10.0
2019-07-20,5.0,64.0,36.0,26.0,69.0,19.0
2019-07-24,29.0,53.0,56.0,35.0,22.0,13.0
2019-07-27,61.0,19.0,1.0,48.0,31.0,6.0
2019-07-31,14.0,37.0,67.0,47.0,55.0,6.0
2019-08-03,45.0,68.0,3.0,6.0,66.0,13.0
2019-08-07,47.0,8.0,59.0,32.0,53.0,3.0
2019-08-10,41.0,59.0,58.0,44.0,35.0,3.0
2019-08-14,51.0,69.0,30.0,10.0,13.0,10.0
2019-08-17,24.0,30.0,18.0,21.0,60.0,20.0
2019-08-21,22.0,32.0,21.0,12.0,29.0,21.0
2019-08-24,47.0,20.0,12.0,21.0,5.0,1.0
2019-08-28,32.0,9.0,41.0,56.0,37.0,14.0
2019-08-31,41.0,50.0,14.0,56.0,57.0,18.0
2019-09-04,52.0,30.0,8.0,4.0,59.0,2.0
2019-09-07,41.0,56.0,20.0,11.0,42.0,6.0
2019-09-11,53.0,24.0,57.0,6.0,17.0,3.0
2019-09-14,31.0,11.0,27.0,36.0,67.0,11.0
2019-09-18,14.0,19.0,47.0,51.0,39.0,15.0
2019-09-21,1.0,68.0,36.0,22.0,9.0,22.0
2019-09-25,44.0,43.0,37.0,45.0,53.0,25.0
2019-09-28,51.0,55.0,34.0,15.0,23.0,4.0
2019-10-02,43.0,53.0,8.0,10.0,4.0,7.0
2019-10-05,6.0,51.0,36.0,54.0,14.0,4.0
2019-10-09,5.0,43.0,65.0,18.0,33.0,2.0
2019-10-12,12.0,34.0,53.0,65.0,29.0,23.0
2019-10-16,67.0,1.0,25.0,5.0,63.0,3.0
2019-10-19,65.0,27.0,59.0,14.0,29.0,12.0
2019-10-23,61.0,50.0,12.0,5.0,69.0,23.0
2019-10-26,3.0,54.0,20.0,59.0,48.0,4.0
2019-10-30,56.0,67.0,52.0,19.0,22.0,21.0
2019-11-02,23.0,37.0,32.0,58.0,3.0,22.0
2019-11-06,64.0,46.0,28.0,62.0,15.0,17.0
2019-11-09,14.0,38.0,60.0,35.0,17.0,25.0
2019-11-13,23.0,28.0,66.0,27.0,26.0,11.0
2019-11-16,26.0,55.0,63.0,14.0,22.0,26.0
2019-11-20,40.0,15.0,39.0,57.0,7.0,12.0
2019-11-23,38.0,28.0,66.0,35.0,61.0,23.0
2019-11-27,26.0,55.0,37.0,53.0,15.0,21.0
2019-11-30,42.0,35.0,15.0,63.0,68.0,18.0
2019-12-04,8.0,44.0,61.0,51.0,27.0,14.0
2019-12-07,66.0,53.0,18.0,42.0,62.0,25.0
2019-12-11,24.0,42.0,29.0,44.0,63.0,10.0
2019-12-14,6.0,32.0,3.0,12.0,64.0,19.0
2019-12-18,39.0,26.0,68.0,18.0,14.0,9.0
2019-12-21,50.0,35.0,67.0,19.0,31.0,14.0
2019-12-25,4.0,16.0,2.0,30.0,46.0,20.0
2019-12-28,59.0,23.0,39.0,20.0,60.0,18.0
2020-01-01,49.0,53.0,57.0,59.0,62.0,26.0
2020-01-04,54.0,1.0,25.0,21.0,11.0,7.0
2020-01-08,7.0,43.0,56.0,4.0,2.0,22.0
2020-01-11,23.0,59.0,31.0,3.0,21.0,3.0
2020-01-15,39.0,55.0,53.0,41.0,68.0,19.0
2020-01-18,24.0,68.0,20.0,38.0,56.0,18.0
2020-01-22,33.0,59.0,44.0,67.0,11.0,8.0
2020-01-25,36.0,17.0,2.0,67.0,9.0,18.0
2020-01-29,12.0,60.0,9.0,15.0,31.0,2.0
2020-02-01,33.0,60.0,54.0,57.0,12.0,13.0
2020-02-05,57.0,41.0,35.0,30.0,23.0,2.0
2020-02-08,59.0,66.0,35.0,50.0,49.0,6.0
2020-02-12,55.0,68.0,47.0,54.0,14.0,25.0
2020-02-15,32.0,16.0,36.0,46.0,35.0,3.0
2020-02-19,15.0,10.0,12.0,56.0,19.0,19.0
2020-02-22,61.0,62.0,37.0,39.0,25.0,11.0
2020-02-26,27.0,29.0,36.0,47.0,8.0,24.0
2020-02-29,24.0,50.0,46.0,44.0,51.0,13.0
2020-03-04,68.0,60.0,18.0,43.0,58.0,14.0
2020-03-07,15.0,62.0,7.0,21.0,33.0,23.0
2020-03-11,29.0,50.0,67.0,4.0,49.0,2.0
2020-03-14,26.0,32.0,9.0,23.0,30.0,8.0
2020-03-18,27.0,15.0,59.0,44.0,63.0,8.0
2020-03-21,69.0,23.0,2.0,59.0,40.0,13.0
2020-03-25,42.0,9.0,5.0,27.0,39.0,16.0
2020-03-28,40.0,7.0,55.0,66.0,48.0,11.0
2020-04-01,60.0,45.0,48.0,33.0,35.0,16.0
2020-04-04,40.0,43.0,31.0,8.0,39.0,4.0
2020-04-08,48.0,54.0,39.0,2.0,37.0,5.0
2020-04-11,29.0,47.0,30.0,22.0,42.0,17.0
2020-04-15,10.0,33.0,41.0,12.0,36.0,2.0
2020-04-18,46.0,63.0,56.0,4.0,44.0,19.0
2020-04-22,1.0,40.0,69.0,33.0,35.0,24.0
2020-04-25,1.0,21.0,3.0,57.0,47.0,18.0
2020-04-29,49.0,61.0,67.0,2.0,20.0,20.0
2020-05-02,58.0,33.0,13.0,68.0,16.0,24.0
2020-05-06,65.0,8.0,7.0,50.0,35.0,20.0
2020-05-09,42.0,12.0,65.0,48.0,18.0,19.0
2020-05-13,57.0,54.0,53.0,56.0,39.0,20.0
2020-05-16,8.0,12.0,26.0,42.0,39.0,11.0
2020-05-20,42.0,40.0,50.0,18.0,34.0,9.0
2020-05-23,2.0,23.0,8.0,18.0,21.0,16.0
2020-05-27,58.0,38.0,59.0,64.0,68.0,21.0
2020-05-30,32.0,13.0,58.0,41.0,60.0,14.0
2020-06-03,64.0,26.0,1.0,3.0,41.0,17.0
2020-06-06,68.0,38.0,69.0,1.0,17.0,18.0
2020-06-10,33.0,10.0,41.0,54.0,52.0,18.0
2020-06-13,65.0,12.0,2.0,32.0,50.0,5.0
2020-06-17,10.0,7.0,68.0,64.0,63.0,10.0
2020-06-20,67.0,10.0,31.0,63.0,41.0,5.0
2020-06-24,15.0,22.0,46.0,27.0,33.0,23.0
2020-06-27,36.0,56.0,49.0,62.0,9.0,8.0
2020-07-01,53.0,28.0,15.0,52.0,63.0,18.0
2020-07-04,60.0,16.0,21.0,27.0,61.0,6.0
2020-07-08,36.0,10.0,3.0,34.0,62.0,5.0
2020-07-11,61.0,14.0,19.0,62.0,64.0,4.0
2020-07-15,61.0,69.0,47.0,27.0,62.0,4.0
2020-07-18,32.0,59.0,13.0,58.0,16.0,9.0
2020-07-22,16.0,36.0,25.0,44.0,55.0,14.0
2020-07-25,36.0,5.0,62.0,21.0,61.0,18.0
2020-07-29,7.0,40.0,29.0,35.0,45.0,26.0
2020-08-01,43.0,48.0,36.0,25.0,6.0,24.0
2020-08-05,65.0,7.0,14.0,57.0,17.0,24.0
2020-08-08,14.0,2.0,3.0,40.0,51.0,24.0
2020-08-12,18.0,6.0,36.0,2.0,37.0,21.0
2020-08-15,5.0,34.0,56.0,45.0,12.0,3.0
2020-08-19,13.0,47.0,55.0,23.0,58.0,23.0
2020-08-22,36.0,19.0,42.0,30.0,66.0,14.0
2020-08-26,8.0,19.0,47.0,58.0,12.0,2.0
2020-08-29,22.0,5.0,21.0,29.0,43.0,10.0
2020-09-02,11.0,20.0,4.0,69.0,1.0,18.0
2020-09-05,27.0,15.0,22.0,47.0,21.0,7.0
2020-09-09,55.0,27.0,64.0,52.0,60.0,21.0
2020-09-12,16.0,67.0,17.0,53.0,20.0,4.0
2020-09-16,31.0,10.0,17.0,51.0,53.0,1.0
2020-09-19,14.0,47.0,57.0,23.0,11.0,14.0
2020-09-23,8.0,17.0,52.0,59.0,49.0,1.0
2020-09-26,62.0,36.0,11.0,21.0,27.0,24.0
2020-09-30,67.0,49.0,18.0,14.0,36.0,18.0
2020-10-03,18.0,47.0,31.0,43.0,36.0,20.0
2020-10-07,6.0,56.0,53.0,30.0,24.0,19.0
2020-10-10,23.0,50.0,18.0,40.0,5.0,18.0
2020-10-14,37.0,52.0,58.0,53.0,21.0,5.0
2020-10-17,6.0,31.0,37.0,10.0,44.0,23.0
2020-10-21,44.0,13.0,1.0,3.0,56.0,26.0
2020-10-24,27.0,65.0,45.0,20.0,18.0,6.0
2020-10-28,37.0,40.0,11.0,28.0,53.0,13.0
2020-10-31,40.0,2.0,42.0,55.0,6.0,24.0
2020-11-04,49.0,33.0,45.0,23.0,32.0,14.0
2020-11-07,16.0,14.0,58.0,37.0,48.0,18.0
2020-11-11,63.0,13.0,45.0,17.0,15.0,13.0
2020-11-14,45.0,32.0,7.0,18.0,15.0,20.0
2020-11-18,17.0,4.0,43.0,5.0,52.0,5.0
2020-11-21,69.0,54.0,57.0,51.0,60.0,11.0
2020-11-25,57.0,2.0,65.0,58.0,60.0,26.0
2020-11-28,12.0,51.0,44.0,8.0,18.0,18.0
2020-12-02,40.0,28.0,31.0,41.0,46.0,4.0
2020-12-05,4.0,53.0,6.0,48.0,3.0,10.0
2020-12-09,47.0,31.0,14.0,48.0,11.0,4.0
2020-12-12,56.0,17.0,54.0,63.0,69.0,20.0
2020-12-16,37.0,4.0,67.0,23.0,61.0,7.0
2020-12-19,27.0,52.0,43.0,32.0,34.0,13.0
2020-12-23,6.0,38.0,53.0,39.0,13.0,6.0
2020-12-26,35.0,53.0,27.0,24.0,10.0,18.0
2020-12-30,45.0,65.0,43.0,61.0,3.0,14.0
2021-01-02,3.0,67.0,41.0,4.0,11.0,5.0
2021-01-06,1.0,66.0,20.0,22.0,60.0,3.0
2021-01-09,45.0,46.0,26.0,14.0,38.0,13.0
2021-01-13,49.0,4.0,23.0,25.0,19.0,14.0
2021-01-16,67.0,20.0,65.0,14.0,39.0,2.0
2021-01-20,53.0,60.0,40.0,68.0,69.0,22.0
2021-01-23,8.0,5.0,17.0,28.0,27.0,14.0
2021-01-27,35.0,52.0,17.0,42.0,33.0,9.0
2021-01-30,61.0,2.0,7.0,52.0,1.0,4.0
2021-02-03,64.0,66.0,40.0,5.0,37.0,5.0
2021-02-06,48.0,1.0,65.0,16.0,49.0,8.0
2021-02-10,67.0,63.0,58.0,15.0,39.0,7.0
2021-02-13,68.0,33.0,20.0,63.0,28.0,20.0
2021-02-17,15.0,46.0,21.0,1.0,32.0,1.0
2021-02-20,22.0,8.0,32.0,4.0,58.0,4.0
2021-02-24,65.0,33.0,4.0,53.0,43.0,21.0
2021-02-27,44.0,31.0,2.0,52.0,28.0,18.0
2021-03-03,55.0,44.0,21.0,50.0,40.0,16.0
2021-03-06,50.0,11.0,58.0,52.0,31.0,18.0
2021-03-10,44.0,17.0,53.0,18.0,37.0,18.0
2021-03-13,56.0,61.0,11.0,51.0,5.0,2.0
2021-03-17,62.0,61.0,38.0,34.0,42.0,19.0
2021-03-20,6.0,61.0,42.0,1.0,22.0,4.0
2021-03-24,38.0,27.0,4.0,17.0,9.0,18.0
2021-03-27,39.0,65.0,6.0,14.0,38.0,6.0
2021-03-31,3.0,55.0,10.0,44.0,68.0,24.0
2021-04-03,39.0,17.0,12.0,53.0,1.0,5.0
2021-04-07,27.0,66.0,35.0,39.0,51.0,16.0
2021-04-10,16.0,53.0,23.0,50.0,14.0,3.0
2021-04-14,13.0,45.0,33.0,30.0,61.0,14.0
2021-04-17,41.0,21.0,26.0,10.0,49.0,25.0
2021-04-21,25.0,32.0,21.0,67.0,63.0,6.0
2021-04-24,36.0,61.0,59.0,22.0,48.0,22.0
2021-04-28,16.0,35.0,53.0,18.0,39.0,21.0
2021-05-01,47.0,36.0,63.0,35.0,61.0,3.0
2021-05-05,63.0,28.0,16.0,40.0,23.0,1.0
2021-05-08,20.0,17.0,12.0,21.0,26.0,8.0
2021-05-12,20.0,19.0,1.0,38.0,54.0,17.0
2021-05-15,39.0,4.0,10.0,37.0,69.0,24.0
2021-05-19,11.0,69.0,13.0,56.0,55.0,4.0
2021-05-22,40.0,3.0,27.0,37.0,19.0,8.0
2021-05-26,21.0,62.0,34.0,8.0,2.0,16.0
2021-05-29,13.0,11.0,46.0,22.0,27.0,20.0
2021-06-02,67.0,7.0,6.0,11.0,66.0,19.0
2021-06-05,64.0,52.0,44.0,69.0,54.0,26.0
2021-06-09,54.0,46.0,28.0,50.0,19.0,9.0
2021-06-12,8.0,41.0,38.0,25.0,34.0,10.0
2021-06-16,19.0,34.0,50.0,44.0,29.0,25.0
2021-06-19,38.0,22.0,4.0,39.0,35.0,20.0
2021-06-23,20.0,40.0,63.0,13.0,51.0,1.0
2021-06-26,31.0,60.0,43.0,8.0,39.0,17.0
2021-06-30,50.0,66.0,24.0,65.0,29.0,14.0
2021-07-03,26.0,55.0,40.0,41.0,65.0,24.0
2021-07-07,8.0,49.0,57.0,30.0,21.0,8.0
2021-07-10,29.0,1.0,62.0,5.0,54.0,3.0
2021-07-14,52.0,62.0,33.0,59.0,46.0,10.0
2021-07-17,54.0,38.0,22.0,15.0,66.0,3.0
2021-07-21,27.0,44.0,67.0,28.0,68.0,11.0
2021-07-24,4.0,11.0,67.0,1.0,59.0,10.0
2021-07-28,53.0,25.0,60.0,59.0,30.0,5.0
2021-07-31,21.0,22.0,34.0,1.0,47.0,4.0
2021-08-04,36.0,5.0,21.0,58.0,32.0,14.0
2021-08-07,24.0,54.0,7.0,60.0,36.0,23.0
2021-08-11,18.0,12.0,29.0,20.0,30.0,16.0
2021-08-14,6.0,65.0,49.0,67.0,21.0,18.0
2021-08-18,36.0,61.0,55.0,51.0,35.0,26.0
2021-08-21,59.0,39.0,36.0,16.0,28.0,4.0
2021-08-23,47.0,17.0,61.0,36.0,60.0,15.0
2021-08-25,39.0,59.0,27.0,54.0,56.0,24.0
2021-08-28,12.0,59.0,46.0,26.0,22.0,26.0
2021-08-30,61.0,3.0,51.0,45.0,15.0,8.0
2021-09-01,10.0,20.0,29.0,48.0,51.0,17.0
2021-09-04,54.0,32.0,35.0,40.0,52.0,1.0
2021-09-06,33.0,11.0,54.0,22.0,20.0,24.0
2021-09-08,22.0,9.0,41.0,61.0,47.0,21.0
2021-09-11,40.0,38.0,31.0,20.0,49.0,21.0
2021-09-13,37.0,63.0,61.0,50.0,40.0,21.0
2021-09-15,46.0,4.0,62.0,1.0,18.0,25.0
2021-09-18,45.0,39.0,5.0,57.0,36.0,11.0
2021-09-20,58.0,51.0,37.0,54.0,60.0,19.0
2021-09-22,47.0,63.0,20.0,40.0,55.0,5.0
2021-09-25,37.0,23.0,62.0,22.0,63.0,19.0
2021-09-27,44.0,21.0,22.0,39.0,60.0,12.0
2021-09-29,32.0,17.0,2.0,7.0,11.0,11.0
2021-10-02,42.0,38.0,47.0,52.0,28.0,1.0
2021-10-04,66.0,12.0,22.0,54.0,69.0,15.0
2021-10-06,17.0,64.0,52.0,1.0,58.0,1.0
2021-10-09,62.0,12.0,30.0,17.0,45.0,5.0
2021-10-11,20.0,11.0,33.0,39.0,65.0,24.0
2021-10-13,47.0,23.0,59.0,29.0,60.0,15.0
2021-10-16,30.0,48.0,31.0,41.0,42.0,3.0
2021-10-18,53.0,30.0,63.0,48.0,32.0,12.0
2021-10-20,7.0,41.0,29.0,43.0,36.0,5.0
2021-10-23,30.0,10.0,57.0,63.0,51.0,20.0
2021-10-25,29.0,58.0,44.0,10.0,27.0,24.0
2021-10-27,3.0,26.0,51.0,35.0,6.0,17.0
2021-10-30,56.0,23.0,28.0,5.0,43.0,19.0
2021-11-01,44.0,9.0,25.0,34.0,45.0,8.0
2021-11-03,50.0,1.0,57.0,24.0,2.0,26.0
2021-11-06,64.0,8.0,48.0,30.0,57.0,9.0
2021-11-08,47.0,46.0,62.0,57.0,21.0,8.0
2021-11-10,46.0,25.0,43.0,48.0,19.0,14.0
2021-11-13,45.0,15.0,35.0,26.0,8.0,9.0
2021-11-15,53.0,31.0,51.0,34.0,5.0,23.0
2021-11-17,48.0,3.0,60.0,16.0,52.0,1.0
2021-11-20,48.0,59.0,40.0,69.0,43.0,19.0
2021-11-22,7.0,67.0,20.0,29.0,38.0,22.0
2021-11-24,65.0,16.0,63.0,10.0,32.0,17.0
2021-11-27,32.0,55.0,66.0,64.0,8.0,10.0
2021-11-29,28.0,26.0,18.0,38.0,47.0,17.0
2021-12-01,12.0,57.0,38.0,15.0,63.0,24.0
2021-12-04,56.0,45.0,10.0,40.0,67.0,2.0
2021-12-06,3.0,21.0,59.0,50.0,38.0,6.0
2021-12-08,33.0,50.0,7.0,3.0,69.0,24.0
2021-12-11,25.0,53.0,44.0,3.0,64.0,10.0
2021-12-13,10.0,37.0,59.0,53.0,30.0,4.0
2021-12-15,19.0,20.0,59.0,40.0,42.0,15.0
2021-12-18,61.0,24.0,51.0,6.0,2.0,1.0
2021-12-20,13.0,66.0,2.0,23.0,34.0,2.0
2021-12-22,16.0,68.0,48.0,7.0,19.0,15.0
2021-12-25,29.0,45.0,58.0,55.0,27.0,2.0
2021-12-27,62.0,45.0,36.0,64.0,38.0,19.0
2021-12-29,39.0,6.0,9.0,33.0,2.0,11.0
2022-01-01,39.0,48.0,12.0,50.0,6.0,7.0
2022-01-03,2.0,33.0,13.0,32.0,48.0,22.0
2022-01-05,25.0,6.0,14.0,33.0,46.0,17.0
2022-01-08,21.0,20.0,65.0,36.0,60.0,13.0
2022-01-10,17.0,21.0,14.0,27.0,18.0,9.0
2022-01-12,21.0,22.0,30.0,12.0,33.0,24.0
2022-01-15,3.0,59.0,37.0,51.0,18.0,13.0
2022-01-17,46.0,65.0,24.0,35.0,9.0,22.0
2022-01-19,11.0,43.0,61.0,15.0,55.0,10.0
2022-01-22,67.0,14.0,8.0,33.0,36.0,17.0
2022-01-24,11.0,53.0,47.0,30.0,29.0,16.0
2022-01-26,69.0,38.0,49.0,4.0,11.0,16.0
2022-01-29,54.0,2.0,15.0,65.0,38.0,11.0
2022-01-31,61.0,10.0,69.0,51.0,15.0,14.0
2022-02-02,33.0,62.0,18.0,63.0,29.0,15.0
2022-02-05,39.0,61.0,27.0,16.0,5.0,24.0
2022-02-07,65.0,5.0,15.0,38.0,47.0,10.0
2022-02-09,63.0,17.0,51.0,2.0,33.0,26.0
2022-02-12,10.0,8.0,41.0,21.0,62.0,7.0
2022-02-14,49.0,55.0,16.0,27.0,25.0,17.0
2022-02-16,40.0,22.0,48.0,30.0,42.0,16.0
2022-02-19,10.0,3.0,15.0,42.0,33.0,11.0
2022-02-21,37.0,45.0,36.0,69.0,2.0,3.0
2022-02-23,64.0,35.0,17.0,6.0,21.0,18.0
2022-02-26,48.0,32.0,36.0,64.0,15.0,19.0
2022-02-28,21.0,7.0,39.0,47.0,55.0,19.0
2022-03-02,63.0,61.0,48.0,19.0,37.0,12.0
2022-03-05,37.0,23.0,52.0,63.0,8.0,13.0
2022-03-07,59.0,67.0,10.0,55.0,43.0,2.0
2022-03-09,34.0,13.0,22.0,67.0,51.0,10.0
2022-03-12,19.0,39.0,37.0,61.0,20.0,8.0
2022-03-14,21.0,28.0,32.0,49.0,44.0,6.0
2022-03-16,58.0,35.0,28.0,34.0,3.0,17.0
2022-03-19,9.0,52.0,18.0,8.0,48.0,6.0
2022-03-21,26.0,15.0,65.0,63.0,1.0,16.0
2022-03-23,37.0,38.0,31.0,32.0,48.0,24.0
2022-03-26,2.0,50.0,10.0,59.0,61.0,6.0
2022-03-28,62.0,11.0,18.0,58.0,39.0,3.0
2022-03-30,37.0,3.0,31.0,21.0,7.0,11.0
2022-04-02,58.0,59.0,47.0,28.0,6.0,18.0
2022-04-04,2.0,39.0,69.0,32.0,46.0,6.0
2022-04-06,6.0,45.0,47.0,42.0,64.0,18.0
2022-04-09,62.0,31.0,66.0,6.0,16.0,18.0
2022-04-11,5.0,34.0,24.0,31.0,7.0,4.0
2022-04-13,63.0,68.0,41.0,16.0,14.0,26.0
2022-04-16,62.0,32.0,15.0,65.0,21.0,26.0
2022-04-18,8.0,33.0,59.0,55.0,62.0,18.0
2022-04-20,55.0,30.0,56.0,20.0,45.0,14.0
2022-04-23,49.0,10.0,56.0,39.0,47.0,8.0
2022-04-25,18.0,61.0,12.0,39.0,20.0,10.0
2022-04-27,62.0,68.0,61.0,11.0,36.0,4.0
2022-04-30,21.0,37.0,44.0,63.0,14.0,1.0
2022-05-02,18.0,39.0,44.0,33.0,27.0,8.0
2022-05-04,55.0,63.0,69.0,39.0,37.0,23.0
2022-05-07,5.0,28.0,6.0,67.0,4.0,10.0
2022-05-09,18.0,56.0,30.0,35.0,52.0,5.0
2022-05-11,61.0,5.0,7.0,69.0,63.0,18.0
2022-05-14,6.0,52.0,40.0,45.0,41.0,9.0
2022-05-16,7.0,22.0,15.0,36.0,64.0,13.0
2022-05-18,64.0,41.0,40.0,58.0,65.0,17.0
2022-05-21,15.0,52.0,25.0,58.0,14.0,11.0
2022-05-23,42.0,37.0,33.0,1.0,39.0,26.0
2022-05-25,42.0,19.0,28.0,39.0,57.0,17.0
2022-05-28,66.0,50.0,61.0,39.0,2.0,15.0
2022-05-30,51.0,69.0,28.0,68.0,27.0,22.0
2022-06-01,41.0,56.0,63.0,11.0,57.0,2.0
2022-06-04,60.0,52.0,14.0,16.0,36.0,16.0
2022-06-06,10.0,2.0,44.0,35.0,46.0,4.0
2022-06-08,39.0,43.0,62.0,22.0,64.0,7.0
2022-06-11,26.0,53.0,69.0,20.0,18.0,5.0
2022-06-13,2.0,44.0,42.0,51.0,27.0,25.0
2022-06-15,28.0,19.0,42.0,41.0,51.0,7.0
2022-06-18,40.0,45.0,10.0,19.0,58.0,25.0
2022-06-20,3.0,44.0,69.0,61.0,63.0,13.0
2022-06-22,10.0,56.0,6.0,31.0,48.0,12.0
2022-06-25,12.0,20.0,32.0,27.0,6.0,4.0
2022-06-27,13.0,30.0,37.0,18.0,11.0,16.0
2022-06-29,63.0,40.0,8.0,49.0,58.0,14.0
2022-07-02,59.0,10.0,9.0,37.0,62.0,26.0
2022-07-04,16.0,15.0,56.0,31.0,24.0,4.0
2022-07-06,36.0,32.0,69.0,49.0,62.0,13.0
2022-07-09,42.0,22.0,52.0,46.0,14.0,24.0
2022-07-11,52.0,37.0,34.0,4.0,26.0,9.0
2022-07-13,22.0,23.0,47.0,63.0,36.0,2.0
2022-07-16,23.0,57.0,32.0,18.0,3.0,21.0
2022-07-18,36.0,14.0,50.0,58.0,34.0,5.0
2022-07-20,20.0,10.0,65.0,23.0,49.0,22.0
2022-07-23,59.0,39.0,41.0,54.0,62.0,12.0
2022-07-25,25.0,37.0,38.0,39.0,65.0,5.0
2022-07-27,25.0,55.0,1.0,44.0,57.0,26.0
2022-07-30,17.0,4.0,58.0,68.0,57.0,12.0
2022-08-01,31.0,65.0,36.0,15.0,21.0,16.0
2022-08-03,9.0,66.0,21.0,57.0,56.0,11.0
2022-08-06,15.0,8.0,46.0,56.0,68.0,3.0
2022-08-08,58.0,45.0,51.0,57.0,32.0,12.0
2022-08-10,68.0,59.0,61.0,44.0,29.0,19.0
2022-08-13,43.0,35.0,24.0,62.0,19.0,2.0
2022-08-15,20.0,50.0,47.0,63.0,24.0,5.0
2022-08-17,41.0,23.0,55.0,50.0,28.0,24.0
2022-08-20,16.0,11.0,9.0,66.0,5.0,7.0
2022-08-22,12.0,55.0,67.0,27.0,34.0,9.0
2022-08-24,37.0,35.0,6.0,24.0,44.0,22.0
2022-08-27,2.0,65.0,60.0,18.0,56.0,14.0
2022-08-29,69.0,61.0,43.0,13.0,36.0,18.0
2022-08-31,24.0,19.0,7.0,8.0,28.0,1.0
2022-09-03,18.0,27.0,65.0,49.0,69.0,9.0
2022-09-05,4.0,7.0,55.0,32.0,64.0,25.0
2022-09-07,3.0,33.0,16.0,30.0,36.0,20.0
2022-09-10,56.0,68.0,38.0,42.0,69.0,4.0
2022-09-12,66.0,14.0,34.0,6.0,16.0,25.0
2022-09-14,20.0,10.0,22.0,52.0,9.0,25.0
2022-09-17,5.0,25.0,36.0,61.0,51.0,1.0
2022-09-19,7.0,15.0,67.0,46.0,36.0,7.0
2022-09-21,33.0,34.0,6.0,54.0,45.0,7.0
2022-09-24,3.0,21.0,29.0,24.0,9.0,14.0
2022-09-26,31.0,33.0,13.0,20.0,59.0,20.0
2022-09-28,10.0,67.0,33.0,24.0,6.0,11.0
2022-10-01,69.0,22.0,21.0,65.0,8.0,26.0
2022-10-03,55.0,63.0,2.0,16.0,22.0,22.0
2022-10-05,26.0,37.0,33.0,62.0,30.0,6.0
2022-10-08,53.0,60.0,68.0,43.0,13.0,5.0
2022-10-10,17.0,3.0,22.0,11.0,6.0,11.0
2022-10-12,59.0,30.0,42.0,14.0,41.0,6.0
2022-10-15,32.0,62.0,40.0,58.0,37.0,15.0
2022-10-17,46.0,30.0,36.0,19.0,60.0,25.0
2022-10-19,27.0,42.0,15.0,8.0,6.0,10.0
2022-10-22,55.0,25.0,60.0,19.0,48.0,18.0
2022-10-24,23.0,45.0,54.0,35.0,18.0,16.0
2022-10-26,46.0,37.0,19.0,56.0,36.0,24.0
2022-10-29,40.0,19.0,57.0,31.0,46.0,23.0
2022-10-31,19.0,13.0,39.0,59.0,36.0,13.0
2022-11-02,22.0,11.0,60.0,2.0,35.0,23.0
2022-11-05,69.0,53.0,45.0,56.0,28.0,20.0
2022-11-07,56.0,41.0,33.0,47.0,10.0,10.0
2022-11-09,14.0,24.0,7.0,30.0,56.0,7.0
2022-11-12,58.0,57.0,20.0,44.0,16.0,6.0
2022-11-14,54.0,67.0,19.0,53.0,35.0,21.0
2022-11-16,53.0,56.0,28.0,34.0,51.0,11.0
2022-11-19,62.0,63.0,28.0,7.0,64.0,10.0
2022-11-21,1.0,67.0,51.0,40.0,6.0,2.0
2022-11-23,31.0,2.0,1.0,39.0,66.0,25.0
2022-11-26,15.0,30.0,47.0,50.0,51.0,3.0
2022-11-28,48.0,30.0,50.0,32.0,29.0,20.0
2022-11-30,4.0,24.0,47.0,66.0,19.0,10.0
2022-12-03,13.0,36.0,37.0,6.0,33.0,7.0
2022-12-05,35.0,54.0,55.0,45.0,47.0,14.0
2022-12-07,61.0,59.0,28.0,6.0,44.0,21.0
2022-12-10,23.0,9.0,68.0,49.0,47.0,19.0
2022-12-12,55.0,16.0,50.0,31.0,61.0,9.0
2022-12-14,36.0,51.0,68.0,66.0,59.0,25.0
2022-12-17,56.0,33.0,66.0,68.0,64.0,12.0
2022-12-19,55.0,37.0,65.0,7.0,67.0,12.0
2022-12-21,34.0,15.0,59.0,24.0,12.0,14.0
2022-12-24,37.0,17.0,67.0,54.0,46.0,8.0
2022-12-26,60.0,41.0,47.0,17.0,61.0,17.0
2022-12-28,32.0,38.0,45.0,26.0,56.0,1.0
2022-12-31,18.0,37.0,44.0,64.0,50.0,11.0
2023-01-02,9.0,62.0,12.0,7.0,31.0,22.0
2023-01-04,68.0,12.0,56.0,32.0,67.0,26.0
2023-01-07,45.0,36.0,67.0,35.0,44.0,14.0
2023-01-09,18.0,43.0,48.0,60.0,69.0,14.0
2023-01-11,4.0,47.0,48.0,8.0,46.0,5.0
2023-01-14,24.0,26.0,57.0,39.0,47.0,23.0
2023-01-16,14.0,33.0,4.0,61.0,39.0,3.0
2023-01-18,15.0,47.0,22.0,6.0,42.0,26.0
2023-01-21,14.0,5.0,64.0,19.0,46.0,22.0
2023-01-23,47.0,60.0,31.0,58.0,12.0,23.0
2023-01-25,17.0,38.0,20.0,9.0,40.0,18.0
2023-01-28,23.0,27.0,47.0,18.0,2.0,15.0
2023-01-30,49.0,1.0,36.0,4.0,12.0,5.0
2023-02-01,58.0,59.0,43.0,31.0,66.0,9.0
2023-02-04,58.0,2.0,15.0,19.0,8.0,10.0
2023-02-06,22.0,11.0,23.0,5.0,69.0,7.0
2023-02-08,64.0,59.0,66.0,58.0,52.0,9.0
2023-02-11,65.0,30.0,10.0,23.0,54.0,11.0
2023-02-13,26.0,37.0,17.0,65.0,61.0,2.0
2023-02-15,60.0,31.0,63.0,54.0,32.0,12.0
2023-02-18,31.0,8.0,37.0,32.0,21.0,23.0
2023-02-20,17.0,3.0,54.0,38.0,26.0,15.0
2023-02-22,11.0,39.0,65.0,44.0,19.0,7.0
2023-02-25,24.0,66.0,58.0,11.0,67.0,26.0
2023-02-27,55.0,49.0,16.0,28.0,51.0,23.0
2023-03-01,2.0,28.0,9.0,36.0,53.0,4.0
2023-03-04,10.0,40.0,16.0,18.0,66.0,16.0
2023-03-06,69.0,58.0,13.0,29.0,2.0,4.0
2023-03-08,43.0,69.0,26.0,27.0,61.0,4.0
2023-03-11,33.0,58.0,11.0,43.0,20.0,24.0
2023-03-13,3.0,46.0,24.0,10.0,63.0,4.0
2023-03-15,18.0,33.0,37.0,50.0,16.0,8.0
2023-03-18,69.0,20.0,14.0,30.0,54.0,11.0
2023-03-20,32.0,67.0,47.0,1.0,27.0,14.0
2023-03-22,37.0,27.0,28.0,50.0,57.0,5.0
2023-03-25,15.0,57.0,18.0,47.0,17.0,19.0
2023-03-27,36.0,19.0,26.0,58.0,43.0,14.0
2023-03-29,66.0,9.0,24.0,46.0,4.0,7.0
2023-04-01,19.0,29.0,21.0,11.0,52.0,17.0
2023-04-03,16.0,31.0,68.0,30.0,54.0,1.0
2023-04-05,52.0,42.0,9.0,3.0,5.0,11.0
2023-04-08,51.0,11.0,22.0,60.0,24.0,18.0
2023-04-10,46.0,52.0,9.0,10.0,36.0,14.0
2023-04-12,41.0,36.0,59.0,9.0,44.0,4.0
2023-04-15,56.0,1.0,33.0,34.0,59.0,18.0
2023-04-17,64.0,35.0,63.0,23.0,25.0,25.0
2023-04-19,21.0,4.0,11.0,64.0,38.0,11.0
2023-04-22,63.0,68.0,17.0,36.0,47.0,25.0
2023-04-24,19.0,55.0,68.0,66.0,21.0,3.0
2023-04-26,15.0,49.0,2.0,30.0,35.0,6.0
2023-04-29,16.0,53.0,65.0,57.0,54.0,8.0
2023-05-01,61.0,38.0,66.0,55.0,3.0,1.0
2023-05-03,26.0,21.0,47.0,30.0,45.0,23.0
2023-05-06,39.0,51.0,53.0,31.0,47.0,6.0
2023-05-08,15.0,33.0,43.0,36.0,20.0,12.0
2023-05-10,24.0,55.0,69.0,21.0,33.0,3.0
2023-05-13,3.0,46.0,20.0,23.0,15.0,11.0
2023-05-15,58.0,1.0,26.0,55.0,28.0,25.0
2023-05-17,51.0,18.0,37.0,45.0,34.0,14.0
2023-05-20,23.0,63.0,32.0,38.0,17.0,23.0
2023-05-22,38.0,52.0,48.0,9.0,68.0,25.0
2023-05-24,58.0,44.0,21.0,50.0,12.0,26.0
2023-05-27,48.0,39.0,56.0,38.0,24.0,4.0
2023-05-29,64.0,35.0,21.0,62.0,33.0,24.0
2023-05-31,62.0,54.0,4.0,2.0,61.0,14.0
2023-06-03,15.0,67.0,64.0,45.0,68.0,18.0
2023-06-05,46.0,2.0,45.0,31.0,49.0,20.0
2023-06-07,16.0,53.0,29.0,66.0,21.0,2.0
2023-06-10,42.0,46.0,50.0,21.0,32.0,4.0
2023-06-12,68.0,2.0,23.0,3.0,16.0,7.0
2023-06-14,20.0,3.0,42.0,36.0,64.0,4.0
2023-06-17,12.0,61.0,2.0,64.0,45.0,26.0
2023-06-19,69.0,57.0,52.0,39.0,36.0,1.0
2023-06-21,5.0,33.0,35.0,11.0,63.0,14.0
2023-06-24,38.0,44.0,50.0,2.0,62.0,19.0
2023-06-26,6.0,54.0,43.0,28.0,39.0,12.0
2023-06-28,34.0,19.0,68.0,25.0,57.0,4.0
2023-07-01,4.0,49.0,61.0,17.0,35.0,8.0
2023-07-03,31.0,38.0,15.0,61.0,26.0,3.0
2023-07-05,68.0,17.0,24.0,62.0,48.0,23.0
2023-07-08,24.0,7.0,32.0,23.0,43.0,18.0
2023-07-10,34.0,58.0,24.0,2.0,53.0,13.0
2023-07-12,66.0,45.0,23.0,35.0,67.0,20.0
2023-07-15,57.0,43.0,2.0,55.0,9.0,18.0
2023-07-17,17.0,8.0,9.0,41.0,5.0,21.0
2023-07-19,7.0,13.0,10.0,24.0,11.0,24.0
2023-07-22,63.0,37.0,25.0,27.0,36.0,7.0
2023-07-24,49.0,3.0,12.0,28.0,4.0,25.0
2023-07-26,3.0,40.0,16.0,60.0,48.0,14.0
2023-07-29,27.0,10.0,34.0,25.0,38.0,2.0
2023-07-31,58.0,2.0,65.0,11.0,48.0,13.0
2023-08-02,64.0,33.0,24.0,23.0,51.0,5.0
2023-08-05,62.0,44.0,65.0,18.0,42.0,23.0
2023-08-07,13.0,6.0,20.0,54.0,35.0,22.0
2023-08-09,15.0,67.0,10.0,21.0,69.0,3.0
2023-08-12,19.0,50.0,65.0,21.0,37.0,26.0
2023-08-14,37.0,34.0,47.0,39.0,32.0,3.0
2023-08-16,55.0,9.0,11.0,19.0,17.0,1.0
2023-08-19,27.0,38.0,1.0,62.0,25.0,13.0
2023-08-21,3.0,4.0,28.0,12.0,22.0,16.0
2023-08-23,33.0,30.0,32.0,25.0,55.0,20.0
2023-08-26,26.0,20.0,63.0,22.0,28.0,5.0
2023-08-28,55.0,6.0,25.0,68.0,4.0,26.0
2023-08-30,35.0,69.0,61.0,13.0,4.0,4.0
2023-09-02,38.0,67.0,25.0,66.0,42.0,19.0
2023-09-04,51.0,1.0,32.0,46.0,26.0,13.0
2023-09-06,20.0,23.0,9.0,14.0,63.0,1.0
2023-09-09,29.0,19.0,11.0,63.0,68.0,25.0
2023-09-11,53.0,27.0,25.0,66.0,9.0,5.0
2023-09-13,37.0,22.0,45.0,44.0,30.0,18.0
2023-09-16,46.0,19.0,24.0,8.0,11.0,5.0
2023-09-18,42.0,26.0,2.0,21.0,40.0,9.0
2023-09-20,27.0,62.0,16.0,59.0,63.0,23.0
2023-09-23,1.0,12.0,66.0,20.0,33.0,21.0
2023-09-25,50.0,10.0,36.0,22.0,12.0,4.0
2023-09-27,47.0,63.0,1.0,46.0,7.0,7.0
2023-09-30,30.0,19.0,46.0,37.0,44.0,22.0
2023-10-02,27.0,12.0,43.0,47.0,26.0,5.0
2023-10-04,63.0,9.0,35.0,64.0,54.0,1.0
2023-10-07,47.0,60.0,57.0,65.0,54.0,19.0
2023-10-09,67.0,34.0,46.0,55.0,16.0,14.0
2023-10-11,24.0,52.0,40.0,22.0,64.0,10.0
2023-10-14,14.0,42.0,64.0,16.0,48.0,14.0
2023-10-16,2.0,64.0,31.0,27.0,44.0,18.0
2023-10-18,13.0,35.0,1.0,4.0,58.0,24.0
2023-10-21,68.0,24.0,15.0,67.0,6.0,11.0
2023-10-23,46.0,18.0,21.0,25.0,64.0,21.0
2023-10-25,68.0,41.0,53.0,27.0,25.0,2.0
2023-10-28,59.0,24.0,64.0,50.0,14.0,2.0
2023-10-30,69.0,19.0,22.0,66.0,34.0,5.0
2023-11-01,39.0,22.0,26.0,47.0,63.0,12.0
2023-11-04,28.0,34.0,1.0,52.0,30.0,6.0
2023-11-06,12.0,40.0,25.0,61.0,59.0,26.0
2023-11-08,21.0,33.0,62.0,39.0,14.0,20.0
2023-11-11,14.0,12.0,57.0,1.0,24.0,7.0
2023-11-13,35.0,37.0,33.0,24.0,42.0,21.0
2023-11-15,53.0,4.0,3.0,51.0,60.0,6.0
2023-11-18,34.0,61.0,50.0,51.0,67.0,20.0
2023-11-20,26.0,63.0,39.0,19.0,30.0,13.0
2023-11-22,42.0,20.0,39.0,24.0,33.0,21.0
2023-11-25,68.0,27.0,63.0,33.0,66.0,9.0
2023-11-27,2.0,61.0,38.0,66.0,21.0,12.0
2023-11-29,47.0,50.0,68.0,6.0,61.0,4.0
2023-12-02,35.0,41.0,60.0,28.0,47.0,3.0
2023-12-04,18.0,27.0,45.0,28.0,19.0,9.0
2023-12-06,56.0,2.0,65.0,12.0,37.0,21.0
2023-12-09,40.0,25.0,60.0,5.0,26.0,1.0
2023-12-11,31.0,24.0,62.0,27.0,1.0,20.0
2023-12-13,56.0,8.0,41.0,64.0,3.0,18.0
2023-12-16,9.0,3.0,10.0,20.0,62.0,25.0
2023-12-18,5.0,34.0,39.0,19.0,8.0,26.0
2023-12-20,41.0,56.0,35.0,60.0,27.0,16.0
2023-12-23,53.0,14.0,9.0,17.0,18.0,6.0
2023-12-25,24.0,20.0,12.0,5.0,29.0,4.0
2023-12-27,4.0,11.0,38.0,51.0,68.0,5.0
2023-12-30,26.0,10.0,34.0,11.0,27.0,7.0
2024-01-01,21.0,49.0,44.0,42.0,12.0,1.0
2024-01-03,48.0,30.0,38.0,68.0,31.0,8.0
2024-01-06,4.0,34.0,61.0,31.0,38.0,13.0
2024-01-08,7.0,28.0,40.0,17.0,45.0,2.0
2024-01-10,48.0,43.0,25.0,50.0,40.0,11.0
2024-01-13,31.0,13.0,51.0,58.0,33.0,15.0
2024-01-15,59.0,30.0,49.0,35.0,13.0,4.0
2024-01-17,65.0,61.0,22.0,18.0,43.0,2.0
2024-01-20,34.0,16.0,65.0,47.0,31.0,10.0
2024-01-22,24.0,63.0,43.0,25.0,52.0,21.0
2024-01-24,32.0,50.0,5.0,1.0,64.0,8.0
2024-01-27,38.0,65.0,68.0,7.0,66.0,21.0
2024-01-29,39.0,49.0,41.0,64.0,43.0,4.0
2024-01-31,15.0,43.0,41.0,19.0,18.0,14.0
2024-02-03,27.0,11.0,66.0,9.0,59.0,19.0
2024-02-05,1.0,30.0,27.0,2.0,67.0,9.0
2024-02-07,21.0,12.0,62.0,69.0,67.0,17.0
2024-02-10,37.0,27.0,28.0,34.0,44.0,8.0
2024-02-12,53.0,17.0,36.0,67.0,43.0,14.0
2024-02-14,1.0,4.0,45.0,67.0,47.0,18.0
2024-02-17,62.0,28.0,6.0,59.0,69.0,21.0
2024-02-19,23.0,45.0,53.0,4.0,50.0,17.0
2024-02-21,42.0,33.0,4.0,27.0,41.0,14.0
2024-02-24,3.0,40.0,58.0,8.0,53.0,3.0
2024-02-26,54.0,29.0,42.0,51.0,24.0,16.0
2024-02-28,50.0,38.0,26.0,29.0,16.0,6.0
2024-03-02,3.0,18.0,36.0,53.0,27.0,12.0
2024-03-04,42.0,67.0,36.0,52.0,50.0,26.0
2024-03-06,44.0,6.0,19.0,28.0,60.0,10.0
2024-03-09,52.0,63.0,36.0,30.0,49.0,16.0
2024-03-11,16.0,3.0,7.0,66.0,1.0,5.0
2024-03-13,29.0,21.0,62.0,59.0,54.0,4.0
2024-03-16,44.0,23.0,12.0,61.0,57.0,5.0
2024-03-18,44.0,39.0,10.0,17.0,20.0,16.0
2024-03-20,66.0,22.0,13.0,54.0,27.0,9.0
2024-03-23,6.0,23.0,51.0,25.0,34.0,3.0
2024-03-25,19.0,7.0,68.0,53.0,11.0,23.0
2024-03-27,57.0,60.0,46.0,66.0,37.0,8.0
2024-03-30,33.0,13.0,50.0,12.0,52.0,23.0
2024-04-01,24.0,56.0,19.0,40.0,42.0,23.0
2024-04-03,11.0,62.0,65.0,38.0,41.0,15.0
2024-04-06,44.0,27.0,52.0,22.0,69.0,9.0
2024-04-08,6.0,54.0,23.0,39.0,21.0,23.0
2024-04-10,36.0,12.0,6.0,7.0,24.0,15.0
2024-04-13,43.0,40.0,33.0,69.0,7.0,10.0
2024-04-15,7.0,56.0,61.0,16.0,41.0,23.0
2024-04-17,24.0,54.0,44.0,47.0,29.0,2.0
2024-04-20,4.0,58.0,44.0,35.0,41.0,25.0
2024-04-22,39.0,12.0,16.0,52.0,33.0,1.0
2024-04-24,26.0,2.0,20.0,47.0,22.0,21.0
2024-04-27,62.0,55.0,53.0,9.0,30.0,23.0
2024-04-29,69.0,47.0,11.0,67.0,38.0,14.0
2024-05-01,1.0,21.0,19.0,11.0,68.0,15.0
2024-05-04,14.0,20.0,69.0,23.0,53.0,4.0
2024-05-06,60.0,56.0,7.0,24.0,23.0,25.0
2024-05-08,43.0,51.0,44.0,7.0,41.0,5.0
2024-05-11,6.0,49.0,39.0,67.0,3.0,21.0
2024-05-13,14.0,5.0,29.0,38.0,66.0,1.0
2024-05-15,55.0,45.0,69.0,19.0,42.0,6.0
2024-05-18,42.0,59.0,37.0,19.0,36.0,19.0
2024-05-20,68.0,7.0,1.0,48.0,64.0,5.0
2024-05-22,16.0,5.0,67.0,18.0,26.0,4.0
2024-05-25,36.0,33.0,6.0,64.0,35.0,24.0
2024-05-27,30.0,39.0,49.0,59.0,9.0,21.0
2024-05-29,17.0,60.0,56.0,61.0,34.0,9.0
2024-06-01,38.0,28.0,68.0,52.0,54.0,8.0
2024-06-03,19.0,45.0,35.0,29.0,36.0,16.0
2024-06-05,69.0,45.0,8.0,44.0,51.0,12.0
2024-06-08,38.0,54.0,64.0,8.0,52.0,15.0
2024-06-10,33.0,58.0,3.0,10.0,59.0,9.0
2024-06-12,30.0,62.0,61.0,19.0,31.0,21.0
2024-06-15,54.0,48.0,4.0,56.0,36.0,2.0
2024-06-17,58.0,30.0,66.0,53.0,48.0,9.0
2024-06-19,50.0,27.0,4.0,44.0,64.0,7.0
2024-06-22,4.0,15.0,62.0,32.0,5.0,21.0
2024-06-24,5.0,36.0,53.0,6.0,69.0,8.0
2024-06-26,56.0,4.0,9.0,47.0,36.0,7.0
2024-06-29,51.0,61.0,54.0,26.0,69.0,25.0
2024-07-01,55.0,9.0,39.0,32.0,5.0,9.0
2024-07-03,55.0,26.0,2.0,33.0,57.0,22.0
2024-07-06,39.0,49.0,35.0,32.0,5.0,21.0
2024-07-08,45.0,31.0,22.0,33.0,20.0,1.0
2024-07-10,11.0,7.0,12.0,27.0,46.0,26.0
2024-07-13,9.0,66.0,55.0,59.0,69.0,21.0
2024-07-15,9.0,45.0,39.0,31.0,40.0,23.0
2024-07-17,47.0,66.0,24.0,27.0,32.0,26.0
2024-07-20,57.0,40.0,18.0,25.0,31.0,4.0
2024-07-22,31.0,58.0,56.0,69.0,36.0,20.0
2024-07-24,42.0,16.0,68.0,59.0,63.0,13.0
2024-07-27,64.0,40.0,31.0,3.0,37.0,17.0
2024-07-29,30.0,11.0,44.0,27.0,33.0,16.0
2024-07-31,34.0,23.0,37.0,58.0,50.0,7.0
2024-08-03,33.0,13.0,61.0,40.0,60.0,20.0
2024-08-05,54.0,44.0,42.0,29.0,51.0,12.0
2024-08-07,57.0,47.0,35.0,19.0,6.0,9.0
2024-08-10,24.0,69.0,33.0,64.0,9.0,9.0
2024-08-12,22.0,68.0,9.0,67.0,57.0,14.0
2024-08-14,8.0,29.0,23.0,62.0,9.0,13.0
2024-08-17,31.0,43.0,12.0,45.0,46.0,22.0
2024-08-19,28.0,1.0,15.0,23.0,2.0,10.0
2024-08-21,33.0,67.0,27.0,38.0,31.0,3.0
2024-08-24,15.0,43.0,21.0,24.0,5.0,17.0
2024-08-26,69.0,68.0,23.0,2.0,4.0,15.0
2024-08-28,33.0,5.0,50.0,47.0,64.0,20.0
2024-08-31,4.0,34.0,69.0,38.0,35.0,19.0
2024-09-02,8.0,46.0,48.0,53.0,42.0,22.0
2024-09-04,7.0,33.0,59.0,10.0,21.0,20.0
2024-09-07,63.0,55.0,34.0,37.0,14.0,20.0
2024-09-09,21.0,60.0,47.0,1.0,16.0,5.0
2024-09-11,55.0,67.0,10.0,12.0,65.0,3.0
2024-09-14,34.0,48.0,56.0,29.0,38.0,16.0
2024-09-16,31.0,9.0,11.0,8.0,27.0,17.0
2024-09-18,1.0,22.0,68.0,47.0,11.0,7.0
2024-09-21,21.0,45.0,17.0,37.0,19.0,14.0
2024-09-23,37.0,21.0,15.0,25.0,45.0,19.0
2024-09-25,26.0,46.0,45.0,52.0,2.0,21.0
2024-09-28,11.0,24.0,13.0,39.0,3.0,22.0
2024-09-30,69.0,30.0,11.0,9.0,43.0,20.0
2024-10-02,37.0,21.0,2.0,43.0,1.0,21.0
2024-10-05,2.0,46.0,12.0,52.0,65.0,3.0
2024-10-07,31.0,63.0,52.0,18.0,30.0,22.0
2024-10-09,32.0,43.0,66.0,53.0,25.0,10.0
2024-10-12,20.0,41.0,57.0,14.0,5.0,6.0
2024-10-14,14.0,33.0,64.0,67.0,18.0,14.0
2024-10-16,44.0,39.0,4.0,60.0,30.0,11.0
2024-10-19,45.0,7.0,19.0,16.0,64.0,25.0
2024-10-21,25.0,57.0,62.0,64.0,1.0,15.0
2024-10-23,2.0,29.0,15.0,27.0,39.0,20.0
2024-10-26,51.0,45.0,12.0,40.0,8.0,15.0
2024-10-28,21.0,27.0,67.0,48.0,32.0,17.0
2024-10-30,13.0,29.0,43.0,58.0,22.0,22.0
2024-11-02,58.0,61.0,45.0,48.0,10.0,2.0
2024-11-04,48.0,53.0,6.0,33.0,18.0,21.0
2024-11-06,37.0,17.0,12.0,62.0,58.0,4.0
2024-11-09,24.0,56.0,50.0,11.0,66.0,16.0
2024-11-11,46.0,24.0,21.0,34.0,3.0,9.0
2024-11-13,58.0,20.0,43.0,9.0,26.0,9.0
2024-11-16,38.0,25.0,22.0,21.0,32.0,16.0
2024-11-18,69.0,52.0,27.0,31.0,41.0,26.0
2024-11-20,62.0,30.0,60.0,64.0,16.0,25.0
2024-11-23,13.0,67.0,12.0,34.0,44.0,8.0
2024-11-25,5.0,35.0,63.0,60.0,45.0,12.0
2024-11-27,13.0,7.0,6.0,1.0,40.0,5.0
2024-11-30,4.0,29.0,24.0,39.0,63.0,25.0
2024-12-02,26.0,61.0,9.0,3.0,67.0,13.0
2024-12-04,28.0,61.0,23.0,25.0,1.0,13.0
2024-12-07,57.0,43.0,31.0,55.0,1.0,22.0
2024-12-09,45.0,35.0,37.0,51.0,40.0,24.0
2024-12-11,50.0,13.0,44.0,52.0,54.0,20.0
2024-12-14,12.0,52.0,17.0,23.0,67.0,1.0
2024-12-16,33.0,57.0,9.0,61.0,30.0,17.0
2024-12-18,15.0,18.0,6.0,33.0,49.0,7.0
2024-12-21,21.0,1.0,17.0,12.0,58.0,1.0
2024-12-23,22.0,57.0,42.0,64.0,44.0,18.0
2024-12-25,30.0,26.0,15.0,35.0,27.0,3.0
2024-12-28,55.0,6.0,31.0,51.0,54.0,12.0
2024-12-30,39.0,9.0,38.0,19.0,33.0,1.0
2025-01-01,66.0,6.0,28.0,12.0,35.0,26.0
2025-01-04,43.0,54.0,56.0,26.0,32.0,24.0
2025-01-06,17.0,34.0,46.0,67.0,66.0,14.0
2025-01-08,43.0,20.0,1.0,36.0,38.0,24.0
2025-01-11,32.0,65.0,6.0,3.0,37.0,4.0
2025-01-13,4.0,6.0,66.0,16.0,39.0,9.0
2025-01-15,41.0,58.0,52.0,53.0,8.0,7.0
2025-01-18,35.0,14.0,69.0,31.0,64.0,23.0
2025-01-20,54.0,32.0,15.0,47.0,16.0,6.0
2025-01-22,40.0,6.0,49.0,27.0,5.0,5.0
2025-01-25,8.0,17.0,15.0,53.0,66.0,14.0
2025-01-27,2.0,47.0,55.0,40.0,53.0,20.0
2025-01-29,38.0,31.0,12.0,8.0,33.0,18.0
2025-02-01,32.0,29.0,49.0,23.0,61.0,8.0
2025-02-03,37.0,60.0,47.0,12.0,54.0,17.0
2025-02-05,19.0,62.0,50.0,30.0,27.0,14.0
2025-02-08,60.0,62.0,23.0,57.0,44.0,9.0
2025-02-10,43.0,18.0,29.0,17.0,2.0,3.0
2025-02-12,49.0,32.0,21.0,45.0,36.0,18.0
2025-02-15,45.0,3.0,56.0,54.0,16.0,12.0
2025-02-17,52.0,4.0,47.0,44.0,57.0,9.0
2025-02-19,60.0,21.0,49.0,28.0,6.0,20.0
2025-02-22,22.0,65.0,18.0,50.0,7.0,15.0
2025-02-24,68.0,59.0,10.0,34.0,11.0,14.0
2025-02-26,48.0,28.0,55.0,60.0,62.0,20.0
2025-03-01,36.0,2.0,49.0,23.0,44.0,25.0
2025-03-03,18.0,50.0,52.0,56.0,20.0,20.0
2025-03-05,40.0,24.0,28.0,65.0,63.0,20.0
2025-03-08,23.0,2.0,16.0,63.0,4.0,13.0
2025-03-10,17.0,47.0,55.0,50.0,40.0,6.0
2025-03-12,58.0,11.0,28.0,51.0,13.0,1.0
2025-03-15,54.0,12.0,33.0,36.0,28.0,5.0
2025-03-17,60.0,18.0,38.0,23.0,11.0,9.0
2025-03-19,59.0,21.0,49.0,11.0,8.0,15.0
2025-03-22,57.0,7.0,25.0,46.0,6.0,12.0
2025-03-24,36.0,6.0,47.0,35.0,23.0,12.0
2025-03-26,53.0,39.0,29.0,20.0,5.0,6.0
2025-03-29,21.0,7.0,11.0,61.0,53.0,2.0
2025-03-31,64.0,12.0,41.0,44.0,52.0,25.0
2025-04-02,17.0,5.0,64.0,41.0,69.0,1.0
2025-04-05,23.0,30.0,46.0,4.0,62.0,2.0
2025-04-07,66.0,23.0,59.0,48.0,20.0,4.0
2025-04-09,4.0,55.0,37.0,29.0,67.0,10.0
2025-04-12,53.0,44.0,16.0,22.0,45.0,19.0
2025-04-14,52.0,62.0,20.0,3.0,30.0,1.0
2025-04-16,49.0,20.0,42.0,43.0,24.0,19.0
2025-04-19,63.0,37.0,7.0,39.0,25.0,1.0
2025-04-21,51.0,33.0,46.0,4.0,45.0,25.0
2025-04-23,44.0,69.0,66.0,15.0,63.0,20.0
2025-04-26,1.0,12.0,69.0,18.0,14.0,2.0
2025-04-28,51.0,26.0,56.0,43.0,60.0,24.0
2025-04-30,3.0,57.0,1.0,2.0,59.0,9.0
2025-05-03,10.0,65.0,23.0,21.0,35.0,24.0
2025-05-05,34.0,16.0,40.0,45.0,66.0,19.0
2025-05-07,30.0,40.0,59.0,14.0,15.0,20.0
2025-05-10,5.0,39.0,28.0,20.0,42.0,13.0
2025-05-12,15.0,48.0,16.0,41.0,60.0,21.0
2025-05-14,29.0,24.0,4.0,53.0,10.0,4.0
2025-05-17,42.0,52.0,7.0,34.0,40.0,15.0
2025-05-19,14.0,13.0,50.0,60.0,37.0,11.0
2025-05-21,29.0,9.0,31.0,34.0,43.0,2.0
2025-05-24,48.0,28.0,18.0,52.0,12.0,5.0
2025-05-26,47.0,67.0,13.0,64.0,52.0,25.0
2025-05-28,27.0,23.0,32.0,35.0,59.0,11.0
2025-05-31,56.0,37.0,29.0,1.0,68.0,13.0
2025-06-02,7.0,1.0,61.0,57.0,44.0,21.0
2025-06-04,17.0,35.0,45.0,5.0,23.0,24.0
2025-06-07,36.0,43.0,31.0,62.0,48.0,25.0
2025-06-09,43.0,33.0,30.0,52.0,40.0,25.0
2025-06-11,25.0,53.0,13.0,37.0,29.0,3.0
2025-06-14,4.0,59.0,23.0,9.0,6.0,25.0
2025-06-16,27.0,21.0,17.0,23.0,52.0,19.0
2025-06-18,50.0,64.0,23.0,29.0,67.0,11.0
2025-06-21,52.0,32.0,62.0,3.0,16.0,24.0
2025-06-23,42.0,25.0,44.0,65.0,5.0,20.0
2025-06-25,37.0,61.0,12.0,2.0,51.0,22.0
2025-06-28,4.0,43.0,62.0,52.0,35.0,12.0
2025-06-30,52.0,13.0,28.0,55.0,44.0,6.0
2025-07-02,7.0,21.0,19.0,63.0,54.0,21.0
2025-07-05,58.0,50.0,1.0,28.0,34.0,8.0
2025-07-07,69.0,61.0,33.0,58.0,35.0,25.0
2025-07-09,25.0,9.0,69.0,28.0,5.0,5.0
2025-07-12,16.0,8.0,54.0,33.0,24.0,18.0
2025-07-14,63.0,12.0,8.0,45.0,46.0,24.0
2025-07-16,43.0,21.0,49.0,4.0,48.0,22.0
